<?xml version="1.0" encoding="UTF-8"?>
<metadata xml:lang="es"><Esri><CreaDate>20160303</CreaDate><CreaTime>11513200</CreaTime><ArcGISFormat>1.0</ArcGISFormat><SyncOnce>FALSE</SyncOnce><DataProperties><itemProps><itemName Sync="TRUE">entropia_manzanas_vecindades</itemName><imsContentType Sync="TRUE">002</imsContentType><itemLocation><linkage Sync="TRUE">file://\\JMONTEJANO\Users\jorge.montejano\Documents\CENTRO GEO\03.0_INVESTIGACIONES_ACTUALES\01_CENTRALIDADES MX\10_FOR URBAN STUDIES PAPER\trabajo.gdb</linkage><protocol Sync="TRUE">Local Area Network</protocol></itemLocation></itemProps><coordRef><type Sync="TRUE">Projected</type><geogcsn Sync="TRUE">GCS_WGS_1984</geogcsn><csUnits Sync="TRUE">Linear Unit: Meter (1.000000)</csUnits><projcsn Sync="TRUE">WGS_1984_UTM_Zone_14N</projcsn><peXml Sync="TRUE">&lt;ProjectedCoordinateSystem xsi:type='typens:ProjectedCoordinateSystem' xmlns:xsi='http://www.w3.org/2001/XMLSchema-instance' xmlns:xs='http://www.w3.org/2001/XMLSchema' xmlns:typens='http://www.esri.com/schemas/ArcGIS/10.0'&gt;&lt;WKT&gt;PROJCS[&amp;quot;WGS_1984_UTM_Zone_14N&amp;quot;,GEOGCS[&amp;quot;GCS_WGS_1984&amp;quot;,DATUM[&amp;quot;D_WGS_1984&amp;quot;,SPHEROID[&amp;quot;WGS_1984&amp;quot;,6378137.0,298.257223563]],PRIMEM[&amp;quot;Greenwich&amp;quot;,0.0],UNIT[&amp;quot;Degree&amp;quot;,0.0174532925199433]],PROJECTION[&amp;quot;Transverse_Mercator&amp;quot;],PARAMETER[&amp;quot;False_Easting&amp;quot;,500000.0],PARAMETER[&amp;quot;False_Northing&amp;quot;,0.0],PARAMETER[&amp;quot;Central_Meridian&amp;quot;,-99.0],PARAMETER[&amp;quot;Scale_Factor&amp;quot;,0.9996],PARAMETER[&amp;quot;Latitude_Of_Origin&amp;quot;,0.0],UNIT[&amp;quot;Meter&amp;quot;,1.0],AUTHORITY[&amp;quot;EPSG&amp;quot;,32614]]&lt;/WKT&gt;&lt;XOrigin&gt;-5120900&lt;/XOrigin&gt;&lt;YOrigin&gt;-9998100&lt;/YOrigin&gt;&lt;XYScale&gt;10000&lt;/XYScale&gt;&lt;ZOrigin&gt;-100000&lt;/ZOrigin&gt;&lt;ZScale&gt;10000&lt;/ZScale&gt;&lt;MOrigin&gt;-100000&lt;/MOrigin&gt;&lt;MScale&gt;10000&lt;/MScale&gt;&lt;XYTolerance&gt;0.001&lt;/XYTolerance&gt;&lt;ZTolerance&gt;0.001&lt;/ZTolerance&gt;&lt;MTolerance&gt;0.001&lt;/MTolerance&gt;&lt;HighPrecision&gt;true&lt;/HighPrecision&gt;&lt;WKID&gt;32614&lt;/WKID&gt;&lt;/ProjectedCoordinateSystem&gt;</peXml></coordRef><lineage><Process ToolSource="c:\program files (x86)\arcgis\desktop10.0\ArcToolbox\Toolboxes\Analysis Tools.tbx\SpatialJoin" Date="20130416" Time="140310">SpatialJoin entropia_manzanas_vecindades agebs_zmvm_pop C:\Users\jorge.montejano\Documents\ArcGIS\Default.gdb\entropia_manzanas_vecindades JOIN_ONE_TO_ONE KEEP_ALL "CVEGEO "CVEGEO" true true false 16 Text 0 0 ,First,#,C:\Users\jorge.montejano\Documents\ArcGIS\resultados_zmvm_1212\entropia_manzanas_vecindades.shp,CVEGEO,-1,-1;Shape_Area "Shape_Area" true true false 19 Double 11 18 ,First,#,C:\Users\jorge.montejano\Documents\ArcGIS\resultados_zmvm_1212\entropia_manzanas_vecindades.shp,Shape_Area,-1,-1;VIV0 "VIV0" true true false 4 Short 0 4 ,First,#,C:\Users\jorge.montejano\Documents\ArcGIS\resultados_zmvm_1212\entropia_manzanas_vecindades.shp,VIV0,-1,-1;Sum_comerc "Sum_comerc" true true false 9 Long 0 9 ,First,#,C:\Users\jorge.montejano\Documents\ArcGIS\resultados_zmvm_1212\entropia_manzanas_vecindades.shp,Sum_comerc,-1,-1;Sum_equipa "Sum_equipa" true true false 9 Long 0 9 ,First,#,C:\Users\jorge.montejano\Documents\ArcGIS\resultados_zmvm_1212\entropia_manzanas_vecindades.shp,Sum_equipa,-1,-1;Sum_ocio "Sum_ocio" true true false 9 Long 0 9 ,First,#,C:\Users\jorge.montejano\Documents\ArcGIS\resultados_zmvm_1212\entropia_manzanas_vecindades.shp,Sum_ocio,-1,-1;POLY_ID "POLY_ID" true true false 10 Double 0 10 ,First,#,C:\Users\jorge.montejano\Documents\ArcGIS\resultados_zmvm_1212\entropia_manzanas_vecindades.shp,POLY_ID,-1,-1;VIV0_1 "VIV0_1" true true false 4 Short 0 4 ,First,#,C:\Users\jorge.montejano\Documents\ArcGIS\resultados_zmvm_1212\entropia_manzanas_vecindades.shp,VIV0_1,-1,-1;Sum_come_1 "Sum_come_1" true true false 9 Long 0 9 ,First,#,C:\Users\jorge.montejano\Documents\ArcGIS\resultados_zmvm_1212\entropia_manzanas_vecindades.shp,Sum_come_1,-1,-1;Sum_equi_1 "Sum_equi_1" true true false 9 Long 0 9 ,First,#,C:\Users\jorge.montejano\Documents\ArcGIS\resultados_zmvm_1212\entropia_manzanas_vecindades.shp,Sum_equi_1,-1,-1;Sum_ocio_1 "Sum_ocio_1" true true false 9 Long 0 9 ,First,#,C:\Users\jorge.montejano\Documents\ArcGIS\resultados_zmvm_1212\entropia_manzanas_vecindades.shp,Sum_ocio_1,-1,-1;entropia "entropia" true true false 19 Double 11 18 ,First,#,C:\Users\jorge.montejano\Documents\ArcGIS\resultados_zmvm_1212\entropia_manzanas_vecindades.shp,entropia,-1,-1;CVEGEO_1 "CVEGEO_1" true true false 13 Text 0 0 ,First,#,C:\Users\jorge.montejano\Documents\INFO SIG\ZMVM\VECTORIAL\ZMVM\manzanas_ZMVM_2010\agebs_zmvm_pop.shp,CVEGEO,-1,-1;POB1 "POB1" true true false 9 Long 0 9 ,First,#,C:\Users\jorge.montejano\Documents\INFO SIG\ZMVM\VECTORIAL\ZMVM\manzanas_ZMVM_2010\agebs_zmvm_pop.shp,POB1,-1,-1;area_k "area_k" true true false 19 Double 0 0 ,First,#,C:\Users\jorge.montejano\Documents\INFO SIG\ZMVM\VECTORIAL\ZMVM\manzanas_ZMVM_2010\agebs_zmvm_pop.shp,area_k,-1,-1;den_pop "den_pop" true true false 19 Double 0 0 ,First,#,C:\Users\jorge.montejano\Documents\INFO SIG\ZMVM\VECTORIAL\ZMVM\manzanas_ZMVM_2010\agebs_zmvm_pop.shp,den_pop,-1,-1" INTERSECT # #</Process></lineage></DataProperties><SyncDate>20130416</SyncDate><SyncTime>14011700</SyncTime><ModDate>20130416</ModDate><ModTime>14011700</ModTime></Esri><dataIdInfo><envirDesc Sync="TRUE">Microsoft Windows 7 Version 6.1 (Build 7601) Service Pack 1; ESRI ArcGIS 10.0.3.3600</envirDesc><dataLang><languageCode value="spa" Sync="TRUE"></languageCode><countryCode value="MEX" Sync="TRUE"></countryCode></dataLang><idCitation><resTitle Sync="TRUE">entropia_manzanas_vecindades</resTitle><presForm><PresFormCd value="005" Sync="TRUE"></PresFormCd></presForm></idCitation><spatRpType><SpatRepTypCd value="001" Sync="TRUE"></SpatRepTypCd></spatRpType></dataIdInfo><mdLang><languageCode value="spa" Sync="TRUE"></languageCode><countryCode value="MEX" Sync="TRUE"></countryCode></mdLang><distInfo><distFormat><formatName Sync="TRUE">File Geodatabase Feature Class</formatName></distFormat></distInfo><mdHrLv><ScopeCd value="005" Sync="TRUE"></ScopeCd></mdHrLv><mdHrLvName Sync="TRUE">dataset</mdHrLvName><refSysInfo><RefSystem><refSysID><identCode code="32614" Sync="TRUE"></identCode><idCodeSpace Sync="TRUE">EPSG</idCodeSpace><idVersion Sync="TRUE">7.4.1</idVersion></refSysID></RefSystem></refSysInfo><spatRepInfo><VectSpatRep><geometObjs Name="entropia_manzanas_vecindades"><geoObjTyp><GeoObjTypCd value="002" Sync="TRUE"></GeoObjTypCd></geoObjTyp><geoObjCnt Sync="TRUE">0</geoObjCnt></geometObjs><topLvl><TopoLevCd value="001" Sync="TRUE"></TopoLevCd></topLvl></VectSpatRep></spatRepInfo><spdoinfo><ptvctinf><esriterm><efeatyp Sync="TRUE">Simple</efeatyp><efeageom code="4" Sync="TRUE"></efeageom><esritopo Sync="TRUE">FALSE</esritopo><efeacnt Sync="TRUE">0</efeacnt><spindex Sync="TRUE">TRUE</spindex><linrefer Sync="TRUE">FALSE</linrefer></esriterm></ptvctinf></spdoinfo><eainfo><detailed Name="entropia_manzanas_vecindades"><enttyp><enttypl Sync="TRUE">entropia_manzanas_vecindades</enttypl><enttypt Sync="TRUE">Feature Class</enttypt><enttypc Sync="TRUE">0</enttypc></enttyp><attr><attrlabl Sync="TRUE">OBJECTID</attrlabl><attalias Sync="TRUE">OBJECTID</attalias><attrtype Sync="TRUE">OID</attrtype><attwidth Sync="TRUE">4</attwidth><atprecis Sync="TRUE">0</atprecis><attscale Sync="TRUE">0</attscale><attrdef Sync="TRUE">Internal feature number.</attrdef><attrdefs Sync="TRUE">ESRI</attrdefs><attrdomv><udom Sync="TRUE">Sequential unique whole numbers that are automatically generated.</udom></attrdomv></attr><attr><attrlabl Sync="TRUE">Shape</attrlabl><attalias Sync="TRUE">Shape</attalias><attrtype Sync="TRUE">Geometry</attrtype><attwidth Sync="TRUE">0</attwidth><atprecis Sync="TRUE">0</atprecis><attscale Sync="TRUE">0</attscale><attrdef Sync="TRUE">Feature geometry.</attrdef><attrdefs Sync="TRUE">ESRI</attrdefs><attrdomv><udom Sync="TRUE">Coordinates defining the features.</udom></attrdomv></attr><attr><attrlabl Sync="TRUE">Join_Count</attrlabl><attalias Sync="TRUE">Join_Count</attalias><attrtype Sync="TRUE">Integer</attrtype><attwidth Sync="TRUE">4</attwidth><atprecis Sync="TRUE">0</atprecis><attscale Sync="TRUE">0</attscale></attr><attr><attrlabl Sync="TRUE">TARGET_FID</attrlabl><attalias Sync="TRUE">TARGET_FID</attalias><attrtype Sync="TRUE">Integer</attrtype><attwidth Sync="TRUE">4</attwidth><atprecis Sync="TRUE">0</atprecis><attscale Sync="TRUE">0</attscale></attr><attr><attrlabl Sync="TRUE">CVEGEO</attrlabl><attalias Sync="TRUE">CVEGEO</attalias><attrtype Sync="TRUE">String</attrtype><attwidth Sync="TRUE">16</attwidth><atprecis Sync="TRUE">0</atprecis><attscale Sync="TRUE">0</attscale></attr><attr><attrlabl Sync="TRUE">VIV0</attrlabl><attalias Sync="TRUE">VIV0</attalias><attrtype Sync="TRUE">SmallInteger</attrtype><attwidth Sync="TRUE">2</attwidth><atprecis Sync="TRUE">0</atprecis><attscale Sync="TRUE">0</attscale></attr><attr><attrlabl Sync="TRUE">Sum_comerc</attrlabl><attalias Sync="TRUE">Sum_comerc</attalias><attrtype Sync="TRUE">Integer</attrtype><attwidth Sync="TRUE">4</attwidth><atprecis Sync="TRUE">0</atprecis><attscale Sync="TRUE">0</attscale></attr><attr><attrlabl Sync="TRUE">Sum_equipa</attrlabl><attalias Sync="TRUE">Sum_equipa</attalias><attrtype Sync="TRUE">Integer</attrtype><attwidth Sync="TRUE">4</attwidth><atprecis Sync="TRUE">0</atprecis><attscale Sync="TRUE">0</attscale></attr><attr><attrlabl Sync="TRUE">Sum_ocio</attrlabl><attalias Sync="TRUE">Sum_ocio</attalias><attrtype Sync="TRUE">Integer</attrtype><attwidth Sync="TRUE">4</attwidth><atprecis Sync="TRUE">0</atprecis><attscale Sync="TRUE">0</attscale></attr><attr><attrlabl Sync="TRUE">POLY_ID</attrlabl><attalias Sync="TRUE">POLY_ID</attalias><attrtype Sync="TRUE">Double</attrtype><attwidth Sync="TRUE">8</attwidth><atprecis Sync="TRUE">0</atprecis><attscale Sync="TRUE">0</attscale></attr><attr><attrlabl Sync="TRUE">VIV0_1</attrlabl><attalias Sync="TRUE">VIV0_1</attalias><attrtype Sync="TRUE">SmallInteger</attrtype><attwidth Sync="TRUE">2</attwidth><atprecis Sync="TRUE">0</atprecis><attscale Sync="TRUE">0</attscale></attr><attr><attrlabl Sync="TRUE">Sum_come_1</attrlabl><attalias Sync="TRUE">Sum_come_1</attalias><attrtype Sync="TRUE">Integer</attrtype><attwidth Sync="TRUE">4</attwidth><atprecis Sync="TRUE">0</atprecis><attscale Sync="TRUE">0</attscale></attr><attr><attrlabl Sync="TRUE">Sum_equi_1</attrlabl><attalias Sync="TRUE">Sum_equi_1</attalias><attrtype Sync="TRUE">Integer</attrtype><attwidth Sync="TRUE">4</attwidth><atprecis Sync="TRUE">0</atprecis><attscale Sync="TRUE">0</attscale></attr><attr><attrlabl Sync="TRUE">Sum_ocio_1</attrlabl><attalias Sync="TRUE">Sum_ocio_1</attalias><attrtype Sync="TRUE">Integer</attrtype><attwidth Sync="TRUE">4</attwidth><atprecis Sync="TRUE">0</atprecis><attscale Sync="TRUE">0</attscale></attr><attr><attrlabl Sync="TRUE">entropia</attrlabl><attalias Sync="TRUE">entropia</attalias><attrtype Sync="TRUE">Double</attrtype><attwidth Sync="TRUE">8</attwidth><atprecis Sync="TRUE">0</atprecis><attscale Sync="TRUE">0</attscale></attr><attr><attrlabl Sync="TRUE">CVEGEO_1</attrlabl><attalias Sync="TRUE">CVEGEO_1</attalias><attrtype Sync="TRUE">String</attrtype><attwidth Sync="TRUE">13</attwidth><atprecis Sync="TRUE">0</atprecis><attscale Sync="TRUE">0</attscale></attr><attr><attrlabl Sync="TRUE">POB1</attrlabl><attalias Sync="TRUE">POB1</attalias><attrtype Sync="TRUE">Integer</attrtype><attwidth Sync="TRUE">4</attwidth><atprecis Sync="TRUE">0</atprecis><attscale Sync="TRUE">0</attscale></attr><attr><attrlabl Sync="TRUE">area_k</attrlabl><attalias Sync="TRUE">area_k</attalias><attrtype Sync="TRUE">Double</attrtype><attwidth Sync="TRUE">8</attwidth><atprecis Sync="TRUE">0</atprecis><attscale Sync="TRUE">0</attscale></attr><attr><attrlabl Sync="TRUE">den_pop</attrlabl><attalias Sync="TRUE">den_pop</attalias><attrtype Sync="TRUE">Double</attrtype><attwidth Sync="TRUE">8</attwidth><atprecis Sync="TRUE">0</atprecis><attscale Sync="TRUE">0</attscale></attr><attr><attrlabl Sync="TRUE">Shape_Length</attrlabl><attalias Sync="TRUE">Shape_Length</attalias><attrtype Sync="TRUE">Double</attrtype><attwidth Sync="TRUE">8</attwidth><atprecis Sync="TRUE">0</atprecis><attscale Sync="TRUE">0</attscale><attrdef Sync="TRUE">Length of feature in internal units.</attrdef><attrdefs Sync="TRUE">ESRI</attrdefs><attrdomv><udom Sync="TRUE">Positive real numbers that are automatically generated.</udom></attrdomv></attr><attr><attrlabl Sync="TRUE">Shape_Area</attrlabl><attalias Sync="TRUE">Shape_Area</attalias><attrtype Sync="TRUE">Double</attrtype><attwidth Sync="TRUE">8</attwidth><atprecis Sync="TRUE">0</atprecis><attscale Sync="TRUE">0</attscale><attrdef Sync="TRUE">Area of feature in internal units squared.</attrdef><attrdefs Sync="TRUE">ESRI</attrdefs><attrdomv><udom Sync="TRUE">Positive real numbers that are automatically generated.</udom></attrdomv></attr></detailed></eainfo><mdDateSt Sync="TRUE">20130416</mdDateSt></metadata>
