,Experiment,Level,algorithm,BAS
0,Exp_34_300,0,Natural_C,0.9653882132834425
1,Exp_34_300,1,Natural_C,0.8849401462947399
2,Exp_34_300,2,Natural_C,0.8534346390144878
3,Exp_34_300,3,Natural_C,0.5
4,Exp_33_300,0,Natural_C,0.985627566505981
5,Exp_33_300,1,Natural_C,0.9241233952864534
6,Exp_33_300,2,Natural_C,0.87487160097108
7,Exp_33_300,3,Natural_C,1.0
8,Exp_31_300,0,Natural_C,0.969483275087369
9,Exp_31_300,1,Natural_C,0.7742416856478925
10,Exp_31_300,2,Natural_C,0.9098870407362534
11,Exp_31_300,3,Natural_C,1.0
12,Exp_32_300,0,Natural_C,0.9618652278633313
13,Exp_32_300,1,Natural_C,0.9146362999830989
14,Exp_32_300,2,Natural_C,0.8417586088505757
15,Exp_32_300,3,Natural_C,1.0
16,Exp_20_300,0,Natural_C,0.9786410192355733
17,Exp_20_300,1,Natural_C,0.9249136564798757
18,Exp_20_300,2,Natural_C,0.912799916966031
19,Exp_20_300,3,Natural_C,1.0
20,Exp_6_300,0,Natural_C,0.9747172322022621
21,Exp_6_300,1,Natural_C,0.878647073310894
22,Exp_6_300,2,Natural_C,0.8652181205174603
23,Exp_6_300,3,Natural_C,0.5
24,Exp_26_300,0,Natural_C,0.9599464329194058
25,Exp_26_300,1,Natural_C,0.9286772629310345
26,Exp_26_300,2,Natural_C,0.9006210243294642
27,Exp_26_300,3,Natural_C,0.5
28,Exp_19_300,0,Natural_C,0.9730625180063383
29,Exp_19_300,1,Natural_C,0.8643400452079286
30,Exp_19_300,2,Natural_C,0.871425598170437
31,Exp_19_300,3,Natural_C,1.0
32,Exp_24_300,0,Natural_C,0.9653766581477425
33,Exp_24_300,1,Natural_C,0.8106272529908534
34,Exp_24_300,2,Natural_C,0.8523100950449165
35,Exp_24_300,3,Natural_C,0.5
36,Exp_16_300,0,Natural_C,0.9814224317205047
37,Exp_16_300,1,Natural_C,0.9191956563654209
38,Exp_16_300,2,Natural_C,0.8268327672803704
39,Exp_16_300,3,Natural_C,1.0
40,Exp_29_300,0,Natural_C,0.9509640957446808
41,Exp_29_300,1,Natural_C,0.883712624424806
42,Exp_29_300,2,Natural_C,0.9121615681408766
43,Exp_29_300,3,Natural_C,1.0
44,Exp_12_300,0,Natural_C,0.9719222462203023
45,Exp_12_300,1,Natural_C,0.956953146947101
46,Exp_12_300,2,Natural_C,0.8142422830903961
47,Exp_12_300,3,Natural_C,1.0
48,Exp_2_300,0,Natural_C,0.9660722381743994
49,Exp_2_300,1,Natural_C,0.8996759923003548
50,Exp_2_300,2,Natural_C,0.8772382792501365
51,Exp_2_300,3,Natural_C,1.0
52,Exp_9_300,0,Natural_C,0.9624289477332594
53,Exp_9_300,1,Natural_C,0.9015688640820636
54,Exp_9_300,2,Natural_C,0.8645201892048915
55,Exp_9_300,3,Natural_C,0.5
56,Exp_5_300,0,Natural_C,0.9539649720262711
57,Exp_5_300,1,Natural_C,0.8821650747961756
58,Exp_5_300,2,Natural_C,0.9127848832481628
59,Exp_5_300,3,Natural_C,1.0
60,Exp_10_300,0,Natural_C,0.9757662152530292
61,Exp_10_300,1,Natural_C,0.9625663038152653
62,Exp_10_300,2,Natural_C,0.9065612901822611
63,Exp_10_300,3,Natural_C,1.0
64,Exp_3_300,0,Natural_C,0.982392667631452
65,Exp_3_300,1,Natural_C,0.9260151497156128
66,Exp_3_300,2,Natural_C,0.8686492235250628
67,Exp_3_300,3,Natural_C,0.5
68,Exp_17_300,0,Natural_C,0.9736562218767897
69,Exp_17_300,1,Natural_C,0.9131024228111606
70,Exp_17_300,2,Natural_C,0.9068817028365734
71,Exp_17_300,3,Natural_C,1.0
72,Exp_18_300,0,Natural_C,0.9849608730266608
73,Exp_18_300,1,Natural_C,0.7371906043390146
74,Exp_18_300,2,Natural_C,0.8266936398120336
75,Exp_18_300,3,Natural_C,1.0
76,Exp_0_300,0,Natural_C,0.9924999999999999
77,Exp_0_300,1,Natural_C,0.9450492318139376
78,Exp_0_300,2,Natural_C,0.915628321478211
79,Exp_0_300,3,Natural_C,1.0
80,Exp_7_300,0,Natural_C,0.9716900063861547
81,Exp_7_300,1,Natural_C,0.7759428838341046
82,Exp_7_300,2,Natural_C,0.8689337234621666
83,Exp_7_300,3,Natural_C,1.0
84,Exp_28_300,0,Natural_C,0.9477522477522478
85,Exp_28_300,1,Natural_C,0.9047825248716147
86,Exp_28_300,2,Natural_C,0.8148275180504365
87,Exp_28_300,3,Natural_C,1.0
88,Exp_27_300,0,Natural_C,0.9684075707983493
89,Exp_27_300,1,Natural_C,0.8685581361026136
90,Exp_27_300,2,Natural_C,0.8945560062202415
91,Exp_27_300,3,Natural_C,1.0
92,Exp_13_300,0,Natural_C,1.0
93,Exp_13_300,1,Natural_C,0.7901006844086829
94,Exp_13_300,2,Natural_C,0.8306881376801698
95,Exp_13_300,3,Natural_C,1.0
96,Exp_1_300,0,Natural_C,0.9751971772519717
97,Exp_1_300,1,Natural_C,0.8097290224931415
98,Exp_1_300,2,Natural_C,0.8292188098535269
99,Exp_1_300,3,Natural_C,1.0
100,Exp_25_300,0,Natural_C,0.9694096053839094
101,Exp_25_300,1,Natural_C,0.8132955937861268
102,Exp_25_300,2,Natural_C,0.8661295583044304
103,Exp_25_300,3,Natural_C,1.0
104,Exp_11_300,0,Natural_C,0.9760479041916168
105,Exp_11_300,1,Natural_C,0.9183143266678743
106,Exp_11_300,2,Natural_C,0.6853201634877384
107,Exp_11_300,3,Natural_C,1.0
108,Exp_4_300,0,Natural_C,0.9536883391160054
109,Exp_4_300,1,Natural_C,0.9143219771503923
110,Exp_4_300,2,Natural_C,0.844290697828131
111,Exp_4_300,3,Natural_C,1.0
112,Exp_15_300,0,Natural_C,0.9826371091747821
113,Exp_15_300,1,Natural_C,0.8954111315106299
114,Exp_15_300,2,Natural_C,0.9398906781841501
115,Exp_15_300,3,Natural_C,1.0
116,Exp_21_300,0,Natural_C,1.0
117,Exp_21_300,1,Natural_C,0.9831305309734513
118,Exp_21_300,2,Natural_C,0.7861428625149898
119,Exp_21_300,3,Natural_C,1.0
120,Exp_22_300,0,Natural_C,0.9740118269530034
121,Exp_22_300,1,Natural_C,0.9078554855817037
122,Exp_22_300,2,Natural_C,0.919346175941695
123,Exp_22_300,3,Natural_C,1.0
124,Exp_8_300,0,Natural_C,0.9827101343610041
125,Exp_8_300,1,Natural_C,0.9016047324818839
126,Exp_8_300,2,Natural_C,0.913429231568198
127,Exp_8_300,3,Natural_C,1.0
128,Exp_23_300,0,Natural_C,0.9975020815986677
129,Exp_23_300,1,Natural_C,0.9274972117044478
130,Exp_23_300,2,Natural_C,0.8576008623603231
131,Exp_23_300,3,Natural_C,1.0
132,Exp_30_300,0,Natural_C,0.9593312781598293
133,Exp_30_300,1,Natural_C,0.9630600569736392
134,Exp_30_300,2,Natural_C,0.7880569066226039
135,Exp_30_300,3,Natural_C,1.0
136,Exp_14_300,0,Natural_C,0.9887827170751973
137,Exp_14_300,1,Natural_C,0.9143877219826587
138,Exp_14_300,2,Natural_C,0.9155748019838627
139,Exp_14_300,3,Natural_C,1.0
140,Exp_34_400,0,Natural_C,1.0
141,Exp_34_400,1,Natural_C,0.9774488101826231
142,Exp_34_400,2,Natural_C,0.8396334388875804
143,Exp_34_400,3,Natural_C,1.0
144,Exp_33_400,0,Natural_C,0.9731537638244738
145,Exp_33_400,1,Natural_C,0.8402232360104005
146,Exp_33_400,2,Natural_C,0.8253810176062336
147,Exp_33_400,3,Natural_C,1.0
148,Exp_31_400,0,Natural_C,0.9574926015603982
149,Exp_31_400,1,Natural_C,0.8584301569843016
150,Exp_31_400,2,Natural_C,0.8186445233193003
151,Exp_31_400,3,Natural_C,0.5
152,Exp_32_400,0,Natural_C,0.9752227923305428
153,Exp_32_400,1,Natural_C,0.9457595595672796
154,Exp_32_400,2,Natural_C,0.878024715916369
155,Exp_32_400,3,Natural_C,1.0
156,Exp_20_400,0,Natural_C,0.970352750058018
157,Exp_20_400,1,Natural_C,0.9238678392989794
158,Exp_20_400,2,Natural_C,0.9450872741897173
159,Exp_20_400,3,Natural_C,1.0
160,Exp_6_400,0,Natural_C,0.9706082614616431
161,Exp_6_400,1,Natural_C,0.9304796599878566
162,Exp_6_400,2,Natural_C,0.8845170872108074
163,Exp_6_400,3,Natural_C,1.0
164,Exp_26_400,0,Natural_C,0.9671286425017769
165,Exp_26_400,1,Natural_C,0.9065617805065234
166,Exp_26_400,2,Natural_C,0.9185683966814586
167,Exp_26_400,3,Natural_C,1.0
168,Exp_19_400,0,Natural_C,0.9668848457954293
169,Exp_19_400,1,Natural_C,0.9147193940898932
170,Exp_19_400,2,Natural_C,0.8343591653331132
171,Exp_19_400,3,Natural_C,1.0
172,Exp_24_400,0,Natural_C,0.9601037303012168
173,Exp_24_400,1,Natural_C,0.9404545732055629
174,Exp_24_400,2,Natural_C,0.8550117766568994
175,Exp_24_400,3,Natural_C,1.0
176,Exp_16_400,0,Natural_C,0.9736171946623204
177,Exp_16_400,1,Natural_C,0.9573576613081267
178,Exp_16_400,2,Natural_C,0.868556720943057
179,Exp_16_400,3,Natural_C,1.0
180,Exp_29_400,0,Natural_C,0.9800347222222222
181,Exp_29_400,1,Natural_C,0.9356290903458158
182,Exp_29_400,2,Natural_C,0.8222107324481212
183,Exp_29_400,3,Natural_C,1.0
184,Exp_12_400,0,Natural_C,0.9743098079530386
185,Exp_12_400,1,Natural_C,0.8816240400554822
186,Exp_12_400,2,Natural_C,0.9192427084682457
187,Exp_12_400,3,Natural_C,1.0
188,Exp_2_400,0,Natural_C,0.9912527335207748
189,Exp_2_400,1,Natural_C,0.8827226926997569
190,Exp_2_400,2,Natural_C,0.7660340317817466
191,Exp_2_400,3,Natural_C,1.0
192,Exp_9_400,0,Natural_C,0.9817405066595464
193,Exp_9_400,1,Natural_C,0.9124046622394276
194,Exp_9_400,2,Natural_C,0.716761820958795
195,Exp_9_400,3,Natural_C,1.0
196,Exp_5_400,0,Natural_C,0.9753021544929059
197,Exp_5_400,1,Natural_C,0.9312060538230013
198,Exp_5_400,2,Natural_C,0.8583652821002337
199,Exp_5_400,3,Natural_C,1.0
200,Exp_10_400,0,Natural_C,0.9731669266770671
201,Exp_10_400,1,Natural_C,0.9268526959563512
202,Exp_10_400,2,Natural_C,0.8798368247656853
203,Exp_10_400,3,Natural_C,1.0
204,Exp_3_400,0,Natural_C,0.9666847531199132
205,Exp_3_400,1,Natural_C,0.9194871937846176
206,Exp_3_400,2,Natural_C,0.8733585439948881
207,Exp_3_400,3,Natural_C,0.5
208,Exp_17_400,0,Natural_C,0.979557879724269
209,Exp_17_400,1,Natural_C,0.8533403212209947
210,Exp_17_400,2,Natural_C,0.8801751095090489
211,Exp_17_400,3,Natural_C,1.0
212,Exp_18_400,0,Natural_C,0.9816632231404958
213,Exp_18_400,1,Natural_C,0.9286794352341514
214,Exp_18_400,2,Natural_C,0.9091137772694432
215,Exp_18_400,3,Natural_C,1.0
216,Exp_0_400,0,Natural_C,0.9722915298752463
217,Exp_0_400,1,Natural_C,0.8118320109541763
218,Exp_0_400,2,Natural_C,0.8131815216092778
219,Exp_0_400,3,Natural_C,1.0
220,Exp_7_400,0,Natural_C,0.971797828384741
221,Exp_7_400,1,Natural_C,0.8939932920012197
222,Exp_7_400,2,Natural_C,0.9307465241704533
223,Exp_7_400,3,Natural_C,1.0
224,Exp_28_400,0,Natural_C,0.9672676837725381
225,Exp_28_400,1,Natural_C,0.8992174647636832
226,Exp_28_400,2,Natural_C,0.8896694669240544
227,Exp_28_400,3,Natural_C,1.0
228,Exp_27_400,0,Natural_C,0.9565096008055378
229,Exp_27_400,1,Natural_C,0.8979719009215643
230,Exp_27_400,2,Natural_C,0.9339405498403751
231,Exp_27_400,3,Natural_C,0.5
232,Exp_13_400,0,Natural_C,0.9924242424242424
233,Exp_13_400,1,Natural_C,0.971746258545999
234,Exp_13_400,2,Natural_C,0.7961759484700286
235,Exp_13_400,3,Natural_C,1.0
236,Exp_1_400,0,Natural_C,0.9887222222222223
237,Exp_1_400,1,Natural_C,0.9209621027658113
238,Exp_1_400,2,Natural_C,0.8851682959783818
239,Exp_1_400,3,Natural_C,1.0
240,Exp_25_400,0,Natural_C,0.9668364694874727
241,Exp_25_400,1,Natural_C,0.9079236602421402
242,Exp_25_400,2,Natural_C,0.9304161615889772
243,Exp_25_400,3,Natural_C,1.0
244,Exp_11_400,0,Natural_C,0.9715244187860821
245,Exp_11_400,1,Natural_C,0.8937724004891212
246,Exp_11_400,2,Natural_C,0.8383322136416642
247,Exp_11_400,3,Natural_C,1.0
248,Exp_4_400,0,Natural_C,0.9561840270862378
249,Exp_4_400,1,Natural_C,0.8836189749982853
250,Exp_4_400,2,Natural_C,0.8769898180809232
251,Exp_4_400,3,Natural_C,1.0
252,Exp_15_400,0,Natural_C,0.9605156411469853
253,Exp_15_400,1,Natural_C,0.8438883038610192
254,Exp_15_400,2,Natural_C,0.880032986350008
255,Exp_15_400,3,Natural_C,1.0
256,Exp_21_400,0,Natural_C,0.9896635589785164
257,Exp_21_400,1,Natural_C,0.7470082473701838
258,Exp_21_400,2,Natural_C,0.7954047950873013
259,Exp_21_400,3,Natural_C,0.5
260,Exp_22_400,0,Natural_C,0.9760668973471742
261,Exp_22_400,1,Natural_C,0.9022775750278553
262,Exp_22_400,2,Natural_C,0.9354946962509191
263,Exp_22_400,3,Natural_C,1.0
264,Exp_8_400,0,Natural_C,0.9809245574841038
265,Exp_8_400,1,Natural_C,0.8985011072153534
266,Exp_8_400,2,Natural_C,0.8706425146468519
267,Exp_8_400,3,Natural_C,1.0
268,Exp_23_400,0,Natural_C,0.9685230024213075
269,Exp_23_400,1,Natural_C,0.9410429489966363
270,Exp_23_400,2,Natural_C,0.8642121559381724
271,Exp_23_400,3,Natural_C,1.0
272,Exp_30_400,0,Natural_C,0.964457163958641
273,Exp_30_400,1,Natural_C,0.9610497812955634
274,Exp_30_400,2,Natural_C,0.9167365309334958
275,Exp_30_400,3,Natural_C,1.0
276,Exp_14_400,0,Natural_C,0.9652644996813257
277,Exp_14_400,1,Natural_C,0.8971509655973651
278,Exp_14_400,2,Natural_C,0.7724697389321447
279,Exp_14_400,3,Natural_C,1.0
280,Exp_34_500,0,Natural_C,0.9586319725771268
281,Exp_34_500,1,Natural_C,0.92699733781701
282,Exp_34_500,2,Natural_C,0.8405405405405405
283,Exp_34_500,3,Natural_C,1.0
284,Exp_33_500,0,Natural_C,0.962082099026661
285,Exp_33_500,1,Natural_C,0.910027356969124
286,Exp_33_500,2,Natural_C,0.9021924412213761
287,Exp_33_500,3,Natural_C,1.0
288,Exp_31_500,0,Natural_C,0.9814236653137683
289,Exp_31_500,1,Natural_C,0.891277122772058
290,Exp_31_500,2,Natural_C,0.9513826754614121
291,Exp_31_500,3,Natural_C,1.0
292,Exp_32_500,0,Natural_C,0.9743411927877947
293,Exp_32_500,1,Natural_C,0.8792227635398282
294,Exp_32_500,2,Natural_C,0.8628090672917346
295,Exp_32_500,3,Natural_C,1.0
296,Exp_20_500,0,Natural_C,0.9643405644077558
297,Exp_20_500,1,Natural_C,0.9009009009009009
298,Exp_20_500,2,Natural_C,0.9329135952262035
299,Exp_20_500,3,Natural_C,1.0
300,Exp_6_500,0,Natural_C,0.9745243469848436
301,Exp_6_500,1,Natural_C,0.9180896478121665
302,Exp_6_500,2,Natural_C,0.8912712563374815
303,Exp_6_500,3,Natural_C,1.0
304,Exp_26_500,0,Natural_C,0.9815215581821208
305,Exp_26_500,1,Natural_C,0.872566333446747
306,Exp_26_500,2,Natural_C,0.9342546026964271
307,Exp_26_500,3,Natural_C,1.0
308,Exp_19_500,0,Natural_C,0.9465053155394707
309,Exp_19_500,1,Natural_C,0.936139735551555
310,Exp_19_500,2,Natural_C,0.8712829226847918
311,Exp_19_500,3,Natural_C,1.0
312,Exp_24_500,0,Natural_C,0.9664406310545253
313,Exp_24_500,1,Natural_C,0.801849575116882
314,Exp_24_500,2,Natural_C,0.8137984316339683
315,Exp_24_500,3,Natural_C,1.0
316,Exp_16_500,0,Natural_C,0.9966544509302029
317,Exp_16_500,1,Natural_C,0.7291245171354164
318,Exp_16_500,2,Natural_C,0.8202062622844691
319,Exp_16_500,3,Natural_C,1.0
320,Exp_29_500,0,Natural_C,0.95821778517286
321,Exp_29_500,1,Natural_C,0.8830970942593905
322,Exp_29_500,2,Natural_C,0.8017904808252663
323,Exp_29_500,3,Natural_C,1.0
324,Exp_12_500,0,Natural_C,0.9688971322585247
325,Exp_12_500,1,Natural_C,0.8735396848553141
326,Exp_12_500,2,Natural_C,0.8521858263238683
327,Exp_12_500,3,Natural_C,1.0
328,Exp_2_500,0,Natural_C,0.9907142857142857
329,Exp_2_500,1,Natural_C,0.9411155895546267
330,Exp_2_500,2,Natural_C,0.9331911538237645
331,Exp_2_500,3,Natural_C,1.0
332,Exp_9_500,0,Natural_C,0.9695508404519151
333,Exp_9_500,1,Natural_C,0.8805050039264386
334,Exp_9_500,2,Natural_C,0.8334064234919323
335,Exp_9_500,3,Natural_C,1.0
336,Exp_5_500,0,Natural_C,0.9704700438382854
337,Exp_5_500,1,Natural_C,0.9023612533012849
338,Exp_5_500,2,Natural_C,0.9025831024532683
339,Exp_5_500,3,Natural_C,1.0
340,Exp_10_500,0,Natural_C,0.9761376248612652
341,Exp_10_500,1,Natural_C,0.9095064629847238
342,Exp_10_500,2,Natural_C,0.926867525769143
343,Exp_10_500,3,Natural_C,1.0
344,Exp_3_500,0,Natural_C,0.9774239543726235
345,Exp_3_500,1,Natural_C,0.9575149902104748
346,Exp_3_500,2,Natural_C,0.869721939868013
347,Exp_3_500,3,Natural_C,1.0
348,Exp_17_500,0,Natural_C,0.9753582137968684
349,Exp_17_500,1,Natural_C,0.9627628082214821
350,Exp_17_500,2,Natural_C,0.8610519237979868
351,Exp_17_500,3,Natural_C,1.0
352,Exp_18_500,0,Natural_C,0.9664291945332946
353,Exp_18_500,1,Natural_C,0.9445105376434251
354,Exp_18_500,2,Natural_C,0.944000962734165
355,Exp_18_500,3,Natural_C,1.0
356,Exp_0_500,0,Natural_C,0.9664339882799035
357,Exp_0_500,1,Natural_C,0.8918039885699556
358,Exp_0_500,2,Natural_C,0.8890963622326405
359,Exp_0_500,3,Natural_C,1.0
360,Exp_7_500,0,Natural_C,0.9661531785636798
361,Exp_7_500,1,Natural_C,0.8197321985665756
362,Exp_7_500,2,Natural_C,0.8522712368620298
363,Exp_7_500,3,Natural_C,1.0
364,Exp_28_500,0,Natural_C,0.9472139464912539
365,Exp_28_500,1,Natural_C,0.6067637609386372
366,Exp_28_500,2,Natural_C,0.7473902515825706
367,Exp_28_500,3,Natural_C,1.0
368,Exp_27_500,0,Natural_C,0.9880023995200959
369,Exp_27_500,1,Natural_C,0.9378496567287343
370,Exp_27_500,2,Natural_C,0.8559120236298698
371,Exp_27_500,3,Natural_C,1.0
372,Exp_13_500,0,Natural_C,0.9707282246549263
373,Exp_13_500,1,Natural_C,0.8259661056354939
374,Exp_13_500,2,Natural_C,0.8417677495419165
375,Exp_13_500,3,Natural_C,1.0
376,Exp_1_500,0,Natural_C,0.9743787896801808
377,Exp_1_500,1,Natural_C,0.9257875901338372
378,Exp_1_500,2,Natural_C,0.9247770311930499
379,Exp_1_500,3,Natural_C,1.0
380,Exp_25_500,0,Natural_C,0.9836290927268183
381,Exp_25_500,1,Natural_C,0.9205449328220119
382,Exp_25_500,2,Natural_C,0.8234165698565248
383,Exp_25_500,3,Natural_C,1.0
384,Exp_11_500,0,Natural_C,0.9713810316139767
385,Exp_11_500,1,Natural_C,0.8916535730526797
386,Exp_11_500,2,Natural_C,0.8804524662541926
387,Exp_11_500,3,Natural_C,1.0
388,Exp_4_500,0,Natural_C,0.9622977186530757
389,Exp_4_500,1,Natural_C,0.7334802798943131
390,Exp_4_500,2,Natural_C,0.707376270724839
391,Exp_4_500,3,Natural_C,1.0
392,Exp_15_500,0,Natural_C,0.9703652653342523
393,Exp_15_500,1,Natural_C,0.8991682070240296
394,Exp_15_500,2,Natural_C,0.9327762225100629
395,Exp_15_500,3,Natural_C,1.0
396,Exp_21_500,0,Natural_C,0.9821102737009124
397,Exp_21_500,1,Natural_C,0.9301415102795997
398,Exp_21_500,2,Natural_C,0.8253666427547509
399,Exp_21_500,3,Natural_C,1.0
400,Exp_22_500,0,Natural_C,0.9931666666666666
401,Exp_22_500,1,Natural_C,0.8600157485177866
402,Exp_22_500,2,Natural_C,0.8758642319110164
403,Exp_22_500,3,Natural_C,1.0
404,Exp_8_500,0,Natural_C,0.9785143237841438
405,Exp_8_500,1,Natural_C,0.8349188007862924
406,Exp_8_500,2,Natural_C,0.7710703786435541
407,Exp_8_500,3,Natural_C,1.0
408,Exp_23_500,0,Natural_C,0.9975010412328197
409,Exp_23_500,1,Natural_C,0.9459701978287653
410,Exp_23_500,2,Natural_C,0.8346372194536329
411,Exp_23_500,3,Natural_C,0.5
412,Exp_30_500,0,Natural_C,0.9719785575048733
413,Exp_30_500,1,Natural_C,0.9126478796139901
414,Exp_30_500,2,Natural_C,0.8424373005250608
415,Exp_30_500,3,Natural_C,1.0
416,Exp_14_500,0,Natural_C,0.9686773014290462
417,Exp_14_500,1,Natural_C,0.9303854738684354
418,Exp_14_500,2,Natural_C,0.8077591751003739
419,Exp_14_500,3,Natural_C,1.0
0,Exp_34_300,0,DBSCAN,0.717877094972067
1,Exp_34_300,1,DBSCAN,0.5201793721973094
2,Exp_34_300,2,DBSCAN,0.5520588235294117
3,Exp_34_300,3,DBSCAN,0.5
4,Exp_33_300,0,DBSCAN,0.7487437185929648
5,Exp_33_300,1,DBSCAN,0.6120331950207469
6,Exp_33_300,2,DBSCAN,0.5653310104529616
7,Exp_33_300,3,DBSCAN,1.0
8,Exp_31_300,0,DBSCAN,0.7074468085106382
9,Exp_31_300,1,DBSCAN,0.5273348519362187
10,Exp_31_300,2,DBSCAN,0.5978062157221207
11,Exp_31_300,3,DBSCAN,1.0
12,Exp_32_300,0,DBSCAN,0.5088757396449705
13,Exp_32_300,1,DBSCAN,0.5180972078593589
14,Exp_32_300,2,DBSCAN,0.5072515033604528
15,Exp_32_300,3,DBSCAN,1.0
16,Exp_20_300,0,DBSCAN,0.8527918781725888
17,Exp_20_300,1,DBSCAN,0.8192488262910798
18,Exp_20_300,2,DBSCAN,0.6226215644820297
19,Exp_20_300,3,DBSCAN,1.0
20,Exp_6_300,0,DBSCAN,0.9639175257731959
21,Exp_6_300,1,DBSCAN,0.6626794258373205
22,Exp_6_300,2,DBSCAN,0.5717449069973428
23,Exp_6_300,3,DBSCAN,0.5
24,Exp_26_300,0,DBSCAN,0.6075268817204301
25,Exp_26_300,1,DBSCAN,0.5154914529914529
26,Exp_26_300,2,DBSCAN,0.5162758137906895
27,Exp_26_300,3,DBSCAN,0.5
28,Exp_19_300,0,DBSCAN,0.5614973262032086
29,Exp_19_300,1,DBSCAN,0.5316964285714285
30,Exp_19_300,2,DBSCAN,0.5672199170124481
31,Exp_19_300,3,DBSCAN,1.0
32,Exp_24_300,0,DBSCAN,0.6612021857923498
33,Exp_24_300,1,DBSCAN,0.528835690968444
34,Exp_24_300,2,DBSCAN,0.5928262436914203
35,Exp_24_300,3,DBSCAN,0.5
36,Exp_16_300,0,DBSCAN,0.6524064171122994
37,Exp_16_300,1,DBSCAN,0.5207423580786026
38,Exp_16_300,2,DBSCAN,0.5351951032899771
39,Exp_16_300,3,DBSCAN,1.0
40,Exp_29_300,0,DBSCAN,0.890625
41,Exp_29_300,1,DBSCAN,0.8727272727272728
42,Exp_29_300,2,DBSCAN,0.6580829756795422
43,Exp_29_300,3,DBSCAN,1.0
44,Exp_12_300,0,DBSCAN,0.5
45,Exp_12_300,1,DBSCAN,0.5660569105691057
46,Exp_12_300,2,DBSCAN,0.6380568356374808
47,Exp_12_300,3,DBSCAN,1.0
48,Exp_2_300,0,DBSCAN,0.6202185792349727
49,Exp_2_300,1,DBSCAN,0.5292072322670376
50,Exp_2_300,2,DBSCAN,0.6104129263913824
51,Exp_2_300,3,DBSCAN,1.0
52,Exp_9_300,0,DBSCAN,0.6871657754010695
53,Exp_9_300,1,DBSCAN,0.6911554921540657
54,Exp_9_300,2,DBSCAN,0.5642259414225942
55,Exp_9_300,3,DBSCAN,0.5
56,Exp_5_300,0,DBSCAN,0.6123595505617978
57,Exp_5_300,1,DBSCAN,0.526567481402763
58,Exp_5_300,2,DBSCAN,0.5433925049309665
59,Exp_5_300,3,DBSCAN,1.0
60,Exp_10_300,0,DBSCAN,0.9005235602094241
61,Exp_10_300,1,DBSCAN,0.6360062893081762
62,Exp_10_300,2,DBSCAN,0.667479674796748
63,Exp_10_300,3,DBSCAN,1.0
64,Exp_3_300,0,DBSCAN,0.8342541436464088
65,Exp_3_300,1,DBSCAN,0.5388888888888889
66,Exp_3_300,2,DBSCAN,0.5831227892875189
67,Exp_3_300,3,DBSCAN,0.5
68,Exp_17_300,0,DBSCAN,0.8220338983050848
69,Exp_17_300,1,DBSCAN,0.5275498241500586
70,Exp_17_300,2,DBSCAN,0.5433091981764548
71,Exp_17_300,3,DBSCAN,1.0
72,Exp_18_300,0,DBSCAN,0.9183673469387755
73,Exp_18_300,1,DBSCAN,0.8626760563380282
74,Exp_18_300,2,DBSCAN,0.7006457564575646
75,Exp_18_300,3,DBSCAN,1.0
76,Exp_0_300,0,DBSCAN,0.9675
77,Exp_0_300,1,DBSCAN,0.5355329949238579
78,Exp_0_300,2,DBSCAN,0.5529767911200807
79,Exp_0_300,3,DBSCAN,1.0
80,Exp_7_300,0,DBSCAN,0.7591623036649215
81,Exp_7_300,1,DBSCAN,0.6162011173184357
82,Exp_7_300,2,DBSCAN,0.7609736632083001
83,Exp_7_300,3,DBSCAN,1.0
84,Exp_28_300,0,DBSCAN,0.6846153846153846
85,Exp_28_300,1,DBSCAN,0.5494505494505495
86,Exp_28_300,2,DBSCAN,0.6292175161521896
87,Exp_28_300,3,DBSCAN,1.0
88,Exp_27_300,0,DBSCAN,0.5664739884393064
89,Exp_27_300,1,DBSCAN,0.5243271221532091
90,Exp_27_300,2,DBSCAN,0.5937373737373738
91,Exp_27_300,3,DBSCAN,1.0
92,Exp_13_300,0,DBSCAN,0.69
93,Exp_13_300,1,DBSCAN,0.5806451612903226
94,Exp_13_300,2,DBSCAN,0.5867475973697521
95,Exp_13_300,3,DBSCAN,1.0
96,Exp_1_300,0,DBSCAN,0.8159340659340659
97,Exp_1_300,1,DBSCAN,0.7155688622754491
98,Exp_1_300,2,DBSCAN,0.5688775510204082
99,Exp_1_300,3,DBSCAN,1.0
100,Exp_25_300,0,DBSCAN,0.5621761658031088
101,Exp_25_300,1,DBSCAN,0.5177029360967185
102,Exp_25_300,2,DBSCAN,0.5259596796465065
103,Exp_25_300,3,DBSCAN,1.0
104,Exp_11_300,0,DBSCAN,0.8015463917525774
105,Exp_11_300,1,DBSCAN,0.5440860215053763
106,Exp_11_300,2,DBSCAN,0.5588760035682426
107,Exp_11_300,3,DBSCAN,1.0
108,Exp_4_300,0,DBSCAN,0.6637426900584795
109,Exp_4_300,1,DBSCAN,0.658008658008658
110,Exp_4_300,2,DBSCAN,0.5281007751937985
111,Exp_4_300,3,DBSCAN,1.0
112,Exp_15_300,0,DBSCAN,0.6275510204081632
113,Exp_15_300,1,DBSCAN,0.7023346303501945
114,Exp_15_300,2,DBSCAN,0.5519935344827587
115,Exp_15_300,3,DBSCAN,1.0
116,Exp_21_300,0,DBSCAN,0.9775
117,Exp_21_300,1,DBSCAN,0.7761194029850746
118,Exp_21_300,2,DBSCAN,0.7142857142857143
119,Exp_21_300,3,DBSCAN,1.0
120,Exp_22_300,0,DBSCAN,0.9732620320855615
121,Exp_22_300,1,DBSCAN,0.75
122,Exp_22_300,2,DBSCAN,0.6438127090301003
123,Exp_22_300,3,DBSCAN,1.0
124,Exp_8_300,0,DBSCAN,0.8668341708542713
125,Exp_8_300,1,DBSCAN,0.7062423500611995
126,Exp_8_300,2,DBSCAN,0.5837122778007441
127,Exp_8_300,3,DBSCAN,1.0
128,Exp_23_300,0,DBSCAN,0.9722222222222222
129,Exp_23_300,1,DBSCAN,0.8415841584158417
130,Exp_23_300,2,DBSCAN,0.8503134796238245
131,Exp_23_300,3,DBSCAN,1.0
132,Exp_30_300,0,DBSCAN,0.7868852459016393
133,Exp_30_300,1,DBSCAN,0.7639097744360902
134,Exp_30_300,2,DBSCAN,0.6027679623085983
135,Exp_30_300,3,DBSCAN,1.0
136,Exp_14_300,0,DBSCAN,0.9352331606217616
137,Exp_14_300,1,DBSCAN,0.6704545454545454
138,Exp_14_300,2,DBSCAN,0.7336898395721925
139,Exp_14_300,3,DBSCAN,1.0
140,Exp_34_400,0,DBSCAN,0.7725
141,Exp_34_400,1,DBSCAN,0.5932914046121593
142,Exp_34_400,2,DBSCAN,0.6004478566858605
143,Exp_34_400,3,DBSCAN,1.0
144,Exp_33_400,0,DBSCAN,0.6108247422680413
145,Exp_33_400,1,DBSCAN,0.5193661971830986
146,Exp_33_400,2,DBSCAN,0.5108736407949006
147,Exp_33_400,3,DBSCAN,1.0
148,Exp_31_400,0,DBSCAN,0.5692771084337349
149,Exp_31_400,1,DBSCAN,0.5398899587345254
150,Exp_31_400,2,DBSCAN,0.5875
151,Exp_31_400,3,DBSCAN,0.5
152,Exp_32_400,0,DBSCAN,0.7603092783505154
153,Exp_32_400,1,DBSCAN,0.5234192037470726
154,Exp_32_400,2,DBSCAN,0.5891071428571428
155,Exp_32_400,3,DBSCAN,1.0
156,Exp_20_400,0,DBSCAN,0.8021978021978022
157,Exp_20_400,1,DBSCAN,0.515807962529274
158,Exp_20_400,2,DBSCAN,0.5677299088649544
159,Exp_20_400,3,DBSCAN,1.0
160,Exp_6_400,0,DBSCAN,0.6888297872340425
161,Exp_6_400,1,DBSCAN,0.6484149855907781
162,Exp_6_400,2,DBSCAN,0.5926530612244898
163,Exp_6_400,3,DBSCAN,1.0
164,Exp_26_400,0,DBSCAN,0.9643430313868446
165,Exp_26_400,1,DBSCAN,0.8823529411764706
166,Exp_26_400,2,DBSCAN,0.751500600240096
167,Exp_26_400,3,DBSCAN,1.0
168,Exp_19_400,0,DBSCAN,0.564516129032258
169,Exp_19_400,1,DBSCAN,0.5111408199643493
170,Exp_19_400,2,DBSCAN,0.5302152317880795
171,Exp_19_400,3,DBSCAN,1.0
172,Exp_24_400,0,DBSCAN,0.5588235294117647
173,Exp_24_400,1,DBSCAN,0.5300950369588173
174,Exp_24_400,2,DBSCAN,0.521422261484099
175,Exp_24_400,3,DBSCAN,1.0
176,Exp_16_400,0,DBSCAN,0.6666666666666666
177,Exp_16_400,1,DBSCAN,0.5974199288256228
178,Exp_16_400,2,DBSCAN,0.5647820965842167
179,Exp_16_400,3,DBSCAN,1.0
180,Exp_29_400,0,DBSCAN,0.9166666666666667
181,Exp_29_400,1,DBSCAN,0.5412735849056604
182,Exp_29_400,2,DBSCAN,0.6405852417302799
183,Exp_29_400,3,DBSCAN,1.0
184,Exp_12_400,0,DBSCAN,0.6564102564102564
185,Exp_12_400,1,DBSCAN,0.5933609958506224
186,Exp_12_400,2,DBSCAN,0.614519906323185
187,Exp_12_400,3,DBSCAN,1.0
188,Exp_2_400,0,DBSCAN,0.5
189,Exp_2_400,1,DBSCAN,0.5369897959183674
190,Exp_2_400,2,DBSCAN,0.6045428072218987
191,Exp_2_400,3,DBSCAN,1.0
192,Exp_9_400,0,DBSCAN,0.8274111675126903
193,Exp_9_400,1,DBSCAN,0.553932584269663
194,Exp_9_400,2,DBSCAN,0.6114949748743719
195,Exp_9_400,3,DBSCAN,1.0
196,Exp_5_400,0,DBSCAN,0.8041237113402062
197,Exp_5_400,1,DBSCAN,0.5529279279279279
198,Exp_5_400,2,DBSCAN,0.5951035781544256
199,Exp_5_400,3,DBSCAN,1.0
200,Exp_10_400,0,DBSCAN,0.6305555555555555
201,Exp_10_400,1,DBSCAN,0.5177272727272727
202,Exp_10_400,2,DBSCAN,0.5160505836575875
203,Exp_10_400,3,DBSCAN,1.0
204,Exp_3_400,0,DBSCAN,0.5216216216216216
205,Exp_3_400,1,DBSCAN,0.5466724286949006
206,Exp_3_400,2,DBSCAN,0.5676271684798588
207,Exp_3_400,3,DBSCAN,0.5
208,Exp_17_400,0,DBSCAN,0.8808290155440415
209,Exp_17_400,1,DBSCAN,0.6503579952267303
210,Exp_17_400,2,DBSCAN,0.5976159793814433
211,Exp_17_400,3,DBSCAN,1.0
212,Exp_18_400,0,DBSCAN,0.7604166666666667
213,Exp_18_400,1,DBSCAN,0.5230998509687035
214,Exp_18_400,2,DBSCAN,0.5373576309794988
215,Exp_18_400,3,DBSCAN,1.0
216,Exp_0_400,0,DBSCAN,0.6918918918918919
217,Exp_0_400,1,DBSCAN,0.5268456375838926
218,Exp_0_400,2,DBSCAN,0.597457627118644
219,Exp_0_400,3,DBSCAN,1.0
220,Exp_7_400,0,DBSCAN,0.5414507772020726
221,Exp_7_400,1,DBSCAN,0.5248322147651007
222,Exp_7_400,2,DBSCAN,0.5673312883435583
223,Exp_7_400,3,DBSCAN,1.0
224,Exp_28_400,0,DBSCAN,0.881578947368421
225,Exp_28_400,1,DBSCAN,0.7390625
226,Exp_28_400,2,DBSCAN,0.6115125240847784
227,Exp_28_400,3,DBSCAN,1.0
228,Exp_27_400,0,DBSCAN,0.6174863387978142
229,Exp_27_400,1,DBSCAN,0.530467899891186
230,Exp_27_400,2,DBSCAN,0.6527467619472979
231,Exp_27_400,3,DBSCAN,0.5
232,Exp_13_400,0,DBSCAN,0.9696969696969697
233,Exp_13_400,1,DBSCAN,0.7216748768472907
234,Exp_13_400,2,DBSCAN,0.6211901306240929
235,Exp_13_400,3,DBSCAN,1.0
236,Exp_1_400,0,DBSCAN,0.5025
237,Exp_1_400,1,DBSCAN,0.5344603381014305
238,Exp_1_400,2,DBSCAN,0.5381786339754816
239,Exp_1_400,3,DBSCAN,1.0
240,Exp_25_400,0,DBSCAN,0.839779005524862
241,Exp_25_400,1,DBSCAN,0.5317365269461077
242,Exp_25_400,2,DBSCAN,0.5660272962006639
243,Exp_25_400,3,DBSCAN,1.0
244,Exp_11_400,0,DBSCAN,0.6785714285714286
245,Exp_11_400,1,DBSCAN,0.510213556174559
246,Exp_11_400,2,DBSCAN,0.5215202617669268
247,Exp_11_400,3,DBSCAN,1.0
248,Exp_4_400,0,DBSCAN,0.611731843575419
249,Exp_4_400,1,DBSCAN,0.537463976945245
250,Exp_4_400,2,DBSCAN,0.6069031639501439
251,Exp_4_400,3,DBSCAN,1.0
252,Exp_15_400,0,DBSCAN,0.6515957446808511
253,Exp_15_400,1,DBSCAN,0.5175359712230215
254,Exp_15_400,2,DBSCAN,0.5421183028801486
255,Exp_15_400,3,DBSCAN,1.0
256,Exp_21_400,0,DBSCAN,0.771356783919598
257,Exp_21_400,1,DBSCAN,0.5487804878048781
258,Exp_21_400,2,DBSCAN,0.6135274603759675
259,Exp_21_400,3,DBSCAN,0.5
260,Exp_22_400,0,DBSCAN,0.9166666666666667
261,Exp_22_400,1,DBSCAN,0.7029702970297029
262,Exp_22_400,2,DBSCAN,0.6415706051873199
263,Exp_22_400,3,DBSCAN,1.0
264,Exp_8_400,0,DBSCAN,0.9116022099447514
265,Exp_8_400,1,DBSCAN,0.5439814814814815
266,Exp_8_400,2,DBSCAN,0.6537142857142857
267,Exp_8_400,3,DBSCAN,1.0
268,Exp_23_400,0,DBSCAN,0.8385416666666667
269,Exp_23_400,1,DBSCAN,0.7718068535825545
270,Exp_23_400,2,DBSCAN,0.6005933117583603
271,Exp_23_400,3,DBSCAN,1.0
272,Exp_30_400,0,DBSCAN,0.8559782608695652
273,Exp_30_400,1,DBSCAN,0.7717065868263473
274,Exp_30_400,2,DBSCAN,0.6121718377088305
275,Exp_30_400,3,DBSCAN,1.0
276,Exp_14_400,0,DBSCAN,0.6370967741935484
277,Exp_14_400,1,DBSCAN,0.525711159737418
278,Exp_14_400,2,DBSCAN,0.5427040655531044
279,Exp_14_400,3,DBSCAN,1.0
280,Exp_34_500,0,DBSCAN,0.6758241758241759
281,Exp_34_500,1,DBSCAN,0.5493962678375411
282,Exp_34_500,2,DBSCAN,0.5962514642717689
283,Exp_34_500,3,DBSCAN,1.0
284,Exp_33_500,0,DBSCAN,0.7216216216216216
285,Exp_33_500,1,DBSCAN,0.5117813383600377
286,Exp_33_500,2,DBSCAN,0.5623028391167193
287,Exp_33_500,3,DBSCAN,1.0
288,Exp_31_500,0,DBSCAN,0.9771573604060914
289,Exp_31_500,1,DBSCAN,0.7661691542288558
290,Exp_31_500,2,DBSCAN,0.6475029036004646
291,Exp_31_500,3,DBSCAN,1.0
292,Exp_32_500,0,DBSCAN,0.631578947368421
293,Exp_32_500,1,DBSCAN,0.6616997792494481
294,Exp_32_500,2,DBSCAN,0.600811123986095
295,Exp_32_500,3,DBSCAN,1.0
296,Exp_20_500,0,DBSCAN,0.6648351648351648
297,Exp_20_500,1,DBSCAN,0.5180995475113123
298,Exp_20_500,2,DBSCAN,0.5557548992547613
299,Exp_20_500,3,DBSCAN,1.0
300,Exp_6_500,0,DBSCAN,0.7575757575757576
301,Exp_6_500,1,DBSCAN,0.5584319526627219
302,Exp_6_500,2,DBSCAN,0.6429840142095915
303,Exp_6_500,3,DBSCAN,1.0
304,Exp_26_500,0,DBSCAN,0.8367875647668394
305,Exp_26_500,1,DBSCAN,0.7135076252723311
306,Exp_26_500,2,DBSCAN,0.6172090457804743
307,Exp_26_500,3,DBSCAN,1.0
308,Exp_19_500,0,DBSCAN,0.5642458100558659
309,Exp_19_500,1,DBSCAN,0.5276907001044933
310,Exp_19_500,2,DBSCAN,0.6347552108579738
311,Exp_19_500,3,DBSCAN,1.0
312,Exp_24_500,0,DBSCAN,0.764367816091954
313,Exp_24_500,1,DBSCAN,0.5232558139534884
314,Exp_24_500,2,DBSCAN,0.550641940085592
315,Exp_24_500,3,DBSCAN,1.0
316,Exp_16_500,0,DBSCAN,0.8869346733668342
317,Exp_16_500,1,DBSCAN,0.6545012165450121
318,Exp_16_500,2,DBSCAN,0.6495031616982836
319,Exp_16_500,3,DBSCAN,1.0
320,Exp_29_500,0,DBSCAN,0.743455497382199
321,Exp_29_500,1,DBSCAN,0.5245310245310245
322,Exp_29_500,2,DBSCAN,0.591044776119403
323,Exp_29_500,3,DBSCAN,1.0
324,Exp_12_500,0,DBSCAN,0.5054945054945055
325,Exp_12_500,1,DBSCAN,0.5074626865671642
326,Exp_12_500,2,DBSCAN,0.5150107991360691
327,Exp_12_500,3,DBSCAN,1.0
328,Exp_2_500,0,DBSCAN,0.985
329,Exp_2_500,1,DBSCAN,0.7346938775510204
330,Exp_2_500,2,DBSCAN,0.6613021214337966
331,Exp_2_500,3,DBSCAN,1.0
332,Exp_9_500,0,DBSCAN,0.9338813875876428
333,Exp_9_500,1,DBSCAN,0.6116279069767442
334,Exp_9_500,2,DBSCAN,0.5208333333333334
335,Exp_9_500,3,DBSCAN,1.0
336,Exp_5_500,0,DBSCAN,0.9739936885305365
337,Exp_5_500,1,DBSCAN,0.5907504363001745
338,Exp_5_500,2,DBSCAN,0.5225859925404062
339,Exp_5_500,3,DBSCAN,1.0
340,Exp_10_500,0,DBSCAN,0.9387755102040816
341,Exp_10_500,1,DBSCAN,0.6964285714285714
342,Exp_10_500,2,DBSCAN,0.5995575221238938
343,Exp_10_500,3,DBSCAN,1.0
344,Exp_3_500,0,DBSCAN,0.734375
345,Exp_3_500,1,DBSCAN,0.5213864306784661
346,Exp_3_500,2,DBSCAN,0.5765250544662309
347,Exp_3_500,3,DBSCAN,1.0
348,Exp_17_500,0,DBSCAN,0.9226804123711341
349,Exp_17_500,1,DBSCAN,0.663594470046083
350,Exp_17_500,2,DBSCAN,0.6088631984585742
351,Exp_17_500,3,DBSCAN,1.0
352,Exp_18_500,0,DBSCAN,0.8
353,Exp_18_500,1,DBSCAN,0.6925465838509317
354,Exp_18_500,2,DBSCAN,0.7172619047619048
355,Exp_18_500,3,DBSCAN,1.0
356,Exp_0_500,0,DBSCAN,0.5892857142857143
357,Exp_0_500,1,DBSCAN,0.5192479856759177
358,Exp_0_500,2,DBSCAN,0.5057773109243697
359,Exp_0_500,3,DBSCAN,1.0
360,Exp_7_500,0,DBSCAN,0.8141361256544503
361,Exp_7_500,1,DBSCAN,0.5364161849710982
362,Exp_7_500,2,DBSCAN,0.6585088218554354
363,Exp_7_500,3,DBSCAN,1.0
364,Exp_28_500,0,DBSCAN,0.6227544910179641
365,Exp_28_500,1,DBSCAN,0.6089828269484808
366,Exp_28_500,2,DBSCAN,0.7946884576098059
367,Exp_28_500,3,DBSCAN,1.0
368,Exp_27_500,0,DBSCAN,0.9798994974874372
369,Exp_27_500,1,DBSCAN,0.6269035532994924
370,Exp_27_500,2,DBSCAN,0.6089934484812388
371,Exp_27_500,3,DBSCAN,1.0
372,Exp_13_500,0,DBSCAN,0.5076530612244898
373,Exp_13_500,1,DBSCAN,0.5465517241379311
374,Exp_13_500,2,DBSCAN,0.5694597574421169
375,Exp_13_500,3,DBSCAN,1.0
376,Exp_1_500,0,DBSCAN,0.5291005291005291
377,Exp_1_500,1,DBSCAN,0.5476190476190477
378,Exp_1_500,2,DBSCAN,0.5854825291181365
379,Exp_1_500,3,DBSCAN,1.0
380,Exp_25_500,0,DBSCAN,0.9773869346733668
381,Exp_25_500,1,DBSCAN,0.948780487804878
382,Exp_25_500,2,DBSCAN,0.625968992248062
383,Exp_25_500,3,DBSCAN,1.0
384,Exp_11_500,0,DBSCAN,0.5054054054054054
385,Exp_11_500,1,DBSCAN,0.5168248490077653
386,Exp_11_500,2,DBSCAN,0.5548929249119002
387,Exp_11_500,3,DBSCAN,1.0
388,Exp_4_500,0,DBSCAN,0.5564516129032258
389,Exp_4_500,1,DBSCAN,0.516905737704918
390,Exp_4_500,2,DBSCAN,0.6270358306188926
391,Exp_4_500,3,DBSCAN,1.0
392,Exp_15_500,0,DBSCAN,0.6658163265306123
393,Exp_15_500,1,DBSCAN,0.799047619047619
394,Exp_15_500,2,DBSCAN,0.5632372214941023
395,Exp_15_500,3,DBSCAN,1.0
396,Exp_21_500,0,DBSCAN,0.5615384615384615
397,Exp_21_500,1,DBSCAN,0.5374548736462094
398,Exp_21_500,2,DBSCAN,0.5529562383612663
399,Exp_21_500,3,DBSCAN,1.0
400,Exp_22_500,0,DBSCAN,0.97
401,Exp_22_500,1,DBSCAN,0.7321428571428572
402,Exp_22_500,2,DBSCAN,0.5232029117379435
403,Exp_22_500,3,DBSCAN,1.0
404,Exp_8_500,0,DBSCAN,0.9234693877551021
405,Exp_8_500,1,DBSCAN,0.589527027027027
406,Exp_8_500,2,DBSCAN,0.6116412213740459
407,Exp_8_500,3,DBSCAN,1.0
408,Exp_23_500,0,DBSCAN,0.9798994974874372
409,Exp_23_500,1,DBSCAN,0.8842364532019704
410,Exp_23_500,2,DBSCAN,0.5242718446601942
411,Exp_23_500,3,DBSCAN,0.5
412,Exp_30_500,0,DBSCAN,0.71875
413,Exp_30_500,1,DBSCAN,0.5276564774381368
414,Exp_30_500,2,DBSCAN,0.5640429338103756
415,Exp_30_500,3,DBSCAN,1.0
416,Exp_14_500,0,DBSCAN,0.9065103225123166
417,Exp_14_500,1,DBSCAN,0.5513029315960912
418,Exp_14_500,2,DBSCAN,0.6073619631901841
419,Exp_14_500,3,DBSCAN,1.0
0,Exp_34_300,0,OPTICS,0.548649108473724
1,Exp_34_300,1,OPTICS,0.5152492747148822
2,Exp_34_300,2,OPTICS,0.4994928522057775
3,Exp_34_300,3,OPTICS,0.5
4,Exp_33_300,0,OPTICS,0.5117454797644714
5,Exp_33_300,1,OPTICS,0.5191737052246728
6,Exp_33_300,2,OPTICS,0.5036307484498469
7,Exp_33_300,3,OPTICS,1.0
8,Exp_31_300,0,OPTICS,0.6008088930434136
9,Exp_31_300,1,OPTICS,0.530723317296324
10,Exp_31_300,2,OPTICS,0.5361650213970843
11,Exp_31_300,3,OPTICS,1.0
12,Exp_32_300,0,OPTICS,0.5624849418562243
13,Exp_32_300,1,OPTICS,0.5392628274155646
14,Exp_32_300,2,OPTICS,0.5139375607303067
15,Exp_32_300,3,OPTICS,1.0
16,Exp_20_300,0,OPTICS,0.48548360303376525
17,Exp_20_300,1,OPTICS,0.47638022153044235
18,Exp_20_300,2,OPTICS,0.48743999659915016
19,Exp_20_300,3,OPTICS,1.0
20,Exp_6_300,0,OPTICS,0.573665384008615
21,Exp_6_300,1,OPTICS,0.5090376559040444
22,Exp_6_300,2,OPTICS,0.4820553361645937
23,Exp_6_300,3,OPTICS,0.5
24,Exp_26_300,0,OPTICS,0.5531665056512485
25,Exp_26_300,1,OPTICS,0.5131523245073891
26,Exp_26_300,2,OPTICS,0.5125424959333245
27,Exp_26_300,3,OPTICS,0.5
28,Exp_19_300,0,OPTICS,0.6016661608201594
29,Exp_19_300,1,OPTICS,0.5215972368651296
30,Exp_19_300,2,OPTICS,0.5036266034493901
31,Exp_19_300,3,OPTICS,1.0
32,Exp_24_300,0,OPTICS,0.5173879821322049
33,Exp_24_300,1,OPTICS,0.49807469782266495
34,Exp_24_300,2,OPTICS,0.5231327904276459
35,Exp_24_300,3,OPTICS,0.5
36,Exp_16_300,0,OPTICS,0.5923696148739168
37,Exp_16_300,1,OPTICS,0.5512379965417122
38,Exp_16_300,2,OPTICS,0.5206196171425598
39,Exp_16_300,3,OPTICS,1.0
40,Exp_29_300,0,OPTICS,0.595135195035461
41,Exp_29_300,1,OPTICS,0.4878639236644947
42,Exp_29_300,2,OPTICS,0.44735836565281817
43,Exp_29_300,3,OPTICS,1.0
44,Exp_12_300,0,OPTICS,0.595915451763859
45,Exp_12_300,1,OPTICS,0.5743752283986066
46,Exp_12_300,2,OPTICS,0.5095065244866006
47,Exp_12_300,3,OPTICS,1.0
48,Exp_2_300,0,OPTICS,0.6078258435178143
49,Exp_2_300,1,OPTICS,0.5492914052510824
50,Exp_2_300,2,OPTICS,0.5448166634092786
51,Exp_2_300,3,OPTICS,1.0
52,Exp_9_300,0,OPTICS,0.566404167757117
53,Exp_9_300,1,OPTICS,0.5193213214293788
54,Exp_9_300,2,OPTICS,0.5171182582374387
55,Exp_9_300,3,OPTICS,0.5
56,Exp_5_300,0,OPTICS,0.6103178919806821
57,Exp_5_300,1,OPTICS,0.48080722090980244
58,Exp_5_300,2,OPTICS,0.49940326732608203
59,Exp_5_300,3,OPTICS,1.0
60,Exp_10_300,0,OPTICS,0.5194509645872283
61,Exp_10_300,1,OPTICS,0.48151249799960255
62,Exp_10_300,2,OPTICS,0.4399338972080353
63,Exp_10_300,3,OPTICS,1.0
64,Exp_3_300,0,OPTICS,0.5483991759347357
65,Exp_3_300,1,OPTICS,0.5052533530402805
66,Exp_3_300,2,OPTICS,0.505541425742312
67,Exp_3_300,3,OPTICS,0.5
68,Exp_17_300,0,OPTICS,0.6264105227202028
69,Exp_17_300,1,OPTICS,0.5657841034155879
70,Exp_17_300,2,OPTICS,0.5109245153818192
71,Exp_17_300,3,OPTICS,1.0
72,Exp_18_300,0,OPTICS,0.5701033029767568
73,Exp_18_300,1,OPTICS,0.48503351889930957
74,Exp_18_300,2,OPTICS,0.5014306477913553
75,Exp_18_300,3,OPTICS,1.0
76,Exp_0_300,0,OPTICS,0.42522727272727273
77,Exp_0_300,1,OPTICS,0.4323953388965447
78,Exp_0_300,2,OPTICS,0.4591099589580937
79,Exp_0_300,3,OPTICS,1.0
80,Exp_7_300,0,OPTICS,0.5326666832088534
81,Exp_7_300,1,OPTICS,0.4409025795488678
82,Exp_7_300,2,OPTICS,0.4131041106970564
83,Exp_7_300,3,OPTICS,1.0
84,Exp_28_300,0,OPTICS,0.5716283716283717
85,Exp_28_300,1,OPTICS,0.4923252983683249
86,Exp_28_300,2,OPTICS,0.4385287947812303
87,Exp_28_300,3,OPTICS,1.0
88,Exp_27_300,0,OPTICS,0.635631679952882
89,Exp_27_300,1,OPTICS,0.4774335406946314
90,Exp_27_300,2,OPTICS,0.49156820622986036
91,Exp_27_300,3,OPTICS,1.0
92,Exp_13_300,0,OPTICS,0.4577
93,Exp_13_300,1,OPTICS,0.49641148643570804
94,Exp_13_300,2,OPTICS,0.4943171213334817
95,Exp_13_300,3,OPTICS,1.0
96,Exp_1_300,0,OPTICS,0.5078323502981037
97,Exp_1_300,1,OPTICS,0.5113123196818611
98,Exp_1_300,2,OPTICS,0.4829733346056474
99,Exp_1_300,3,OPTICS,1.0
100,Exp_25_300,0,OPTICS,0.5791810438879705
101,Exp_25_300,1,OPTICS,0.49704050925107907
102,Exp_25_300,2,OPTICS,0.4886787227624307
103,Exp_25_300,3,OPTICS,1.0
104,Exp_11_300,0,OPTICS,0.5569599632350419
105,Exp_11_300,1,OPTICS,0.5281812379727495
106,Exp_11_300,2,OPTICS,0.44677467996061054
107,Exp_11_300,3,OPTICS,1.0
108,Exp_4_300,0,OPTICS,0.6374710094490008
109,Exp_4_300,1,OPTICS,0.5213572357097146
110,Exp_4_300,2,OPTICS,0.4874299209858085
111,Exp_4_300,3,OPTICS,1.0
112,Exp_15_300,0,OPTICS,0.5157951443006726
113,Exp_15_300,1,OPTICS,0.48983582759195793
114,Exp_15_300,2,OPTICS,0.5139516528323869
115,Exp_15_300,3,OPTICS,1.0
116,Exp_21_300,0,OPTICS,0.46475
117,Exp_21_300,1,OPTICS,0.49301061514513855
118,Exp_21_300,2,OPTICS,0.4648564845935703
119,Exp_21_300,3,OPTICS,1.0
120,Exp_22_300,0,OPTICS,0.5863254392666157
121,Exp_22_300,1,OPTICS,0.5141761285531856
122,Exp_22_300,2,OPTICS,0.4947583563144204
123,Exp_22_300,3,OPTICS,1.0
124,Exp_8_300,0,OPTICS,0.48629906118447674
125,Exp_8_300,1,OPTICS,0.5132928070011438
126,Exp_8_300,2,OPTICS,0.5097815675274198
127,Exp_8_300,3,OPTICS,1.0
128,Exp_23_300,0,OPTICS,0.5298488633209699
129,Exp_23_300,1,OPTICS,0.513112297240437
130,Exp_23_300,2,OPTICS,0.4738237668582575
131,Exp_23_300,3,OPTICS,1.0
132,Exp_30_300,0,OPTICS,0.5732728962007798
133,Exp_30_300,1,OPTICS,0.5261632399381845
134,Exp_30_300,2,OPTICS,0.4917771322065507
135,Exp_30_300,3,OPTICS,1.0
136,Exp_14_300,0,OPTICS,0.5256677953550848
137,Exp_14_300,1,OPTICS,0.5339614859934647
138,Exp_14_300,2,OPTICS,0.5170956399437412
139,Exp_14_300,3,OPTICS,1.0
140,Exp_34_400,0,OPTICS,0.51225
141,Exp_34_400,1,OPTICS,0.5064799613657396
142,Exp_34_400,2,OPTICS,0.5185149219913252
143,Exp_34_400,3,OPTICS,1.0
144,Exp_33_400,0,OPTICS,0.5736563549363531
145,Exp_33_400,1,OPTICS,0.4976873801342516
146,Exp_33_400,2,OPTICS,0.44780371330815477
147,Exp_33_400,3,OPTICS,1.0
148,Exp_31_400,0,OPTICS,0.6297344341044566
149,Exp_31_400,1,OPTICS,0.6155299270072992
150,Exp_31_400,2,OPTICS,0.5500199045200234
151,Exp_31_400,3,OPTICS,0.5
152,Exp_32_400,0,OPTICS,0.5356419008271365
153,Exp_32_400,1,OPTICS,0.5182245485549405
154,Exp_32_400,2,OPTICS,0.5286999088938572
155,Exp_32_400,3,OPTICS,1.0
156,Exp_20_400,0,OPTICS,0.5699341271399754
157,Exp_20_400,1,OPTICS,0.540447123784052
158,Exp_20_400,2,OPTICS,0.5025648267760696
159,Exp_20_400,3,OPTICS,1.0
160,Exp_6_400,0,OPTICS,0.6337670584599338
161,Exp_6_400,1,OPTICS,0.5594618085768759
162,Exp_6_400,2,OPTICS,0.5272616506295662
163,Exp_6_400,3,OPTICS,1.0
164,Exp_26_400,0,OPTICS,0.5835052846367241
165,Exp_26_400,1,OPTICS,0.5258990045108962
166,Exp_26_400,2,OPTICS,0.5354064128985332
167,Exp_26_400,3,OPTICS,1.0
168,Exp_19_400,0,OPTICS,0.5663293180739161
169,Exp_19_400,1,OPTICS,0.533930303142377
170,Exp_19_400,2,OPTICS,0.515467088210395
171,Exp_19_400,3,OPTICS,1.0
172,Exp_24_400,0,OPTICS,0.5636436175035816
173,Exp_24_400,1,OPTICS,0.4928338454266131
174,Exp_24_400,2,OPTICS,0.47699956508122887
175,Exp_24_400,3,OPTICS,1.0
176,Exp_16_400,0,OPTICS,0.5598087069881565
177,Exp_16_400,1,OPTICS,0.4911712672932037
178,Exp_16_400,2,OPTICS,0.4829491300375329
179,Exp_16_400,3,OPTICS,1.0
180,Exp_29_400,0,OPTICS,0.5754123263888888
181,Exp_29_400,1,OPTICS,0.5356663612464396
182,Exp_29_400,2,OPTICS,0.48028212980826074
183,Exp_29_400,3,OPTICS,1.0
184,Exp_12_400,0,OPTICS,0.5460108166093058
185,Exp_12_400,1,OPTICS,0.5048132285724409
186,Exp_12_400,2,OPTICS,0.5134341126122581
187,Exp_12_400,3,OPTICS,1.0
188,Exp_2_400,0,OPTICS,0.49389951946549365
189,Exp_2_400,1,OPTICS,0.45730216368601107
190,Exp_2_400,2,OPTICS,0.4830252633963974
191,Exp_2_400,3,OPTICS,1.0
192,Exp_9_400,0,OPTICS,0.5591304179202883
193,Exp_9_400,1,OPTICS,0.5412837999871322
194,Exp_9_400,2,OPTICS,0.46226771006104383
195,Exp_9_400,3,OPTICS,1.0
196,Exp_5_400,0,OPTICS,0.5434893900569366
197,Exp_5_400,1,OPTICS,0.5303479590418385
198,Exp_5_400,2,OPTICS,0.4986991321505653
199,Exp_5_400,3,OPTICS,1.0
200,Exp_10_400,0,OPTICS,0.5722568902756111
201,Exp_10_400,1,OPTICS,0.5484460623982264
202,Exp_10_400,2,OPTICS,0.5128308243453591
203,Exp_10_400,3,OPTICS,1.0
204,Exp_3_400,0,OPTICS,0.6396679913771612
205,Exp_3_400,1,OPTICS,0.5509344900172226
206,Exp_3_400,2,OPTICS,0.494811376669619
207,Exp_3_400,3,OPTICS,0.5
208,Exp_17_400,0,OPTICS,0.484599440113997
209,Exp_17_400,1,OPTICS,0.5290989901097933
210,Exp_17_400,2,OPTICS,0.4677035586106958
211,Exp_17_400,3,OPTICS,1.0
212,Exp_18_400,0,OPTICS,0.6603176652892562
213,Exp_18_400,1,OPTICS,0.5689396332032022
214,Exp_18_400,2,OPTICS,0.5415561233024526
215,Exp_18_400,3,OPTICS,1.0
216,Exp_0_400,0,OPTICS,0.5994818193111036
217,Exp_0_400,1,OPTICS,0.5284375986715922
218,Exp_0_400,2,OPTICS,0.5128391507059415
219,Exp_0_400,3,OPTICS,1.0
220,Exp_7_400,0,OPTICS,0.5057543970753046
221,Exp_7_400,1,OPTICS,0.5256109135525068
222,Exp_7_400,2,OPTICS,0.50657286402868
223,Exp_7_400,3,OPTICS,1.0
224,Exp_28_400,0,OPTICS,0.5356157383750639
225,Exp_28_400,1,OPTICS,0.48755039976238135
226,Exp_28_400,2,OPTICS,0.4801207311432969
227,Exp_28_400,3,OPTICS,1.0
228,Exp_27_400,0,OPTICS,0.6048881288299843
229,Exp_27_400,1,OPTICS,0.5135366570481992
230,Exp_27_400,2,OPTICS,0.5127497170326896
231,Exp_27_400,3,OPTICS,0.5
232,Exp_13_400,0,OPTICS,0.4938672438672439
233,Exp_13_400,1,OPTICS,0.46407359919138225
234,Exp_13_400,2,OPTICS,0.4719635627530364
235,Exp_13_400,3,OPTICS,1.0
236,Exp_1_400,0,OPTICS,0.46455555555555555
237,Exp_1_400,1,OPTICS,0.5290961686541383
238,Exp_1_400,2,OPTICS,0.5085917617371123
239,Exp_1_400,3,OPTICS,1.0
240,Exp_25_400,0,OPTICS,0.6079165946311369
241,Exp_25_400,1,OPTICS,0.5010521244758408
242,Exp_25_400,2,OPTICS,0.4954614415848102
243,Exp_25_400,3,OPTICS,1.0
244,Exp_11_400,0,OPTICS,0.5321255823284221
245,Exp_11_400,1,OPTICS,0.5152945823827574
246,Exp_11_400,2,OPTICS,0.5069972010863242
247,Exp_11_400,3,OPTICS,1.0
248,Exp_4_400,0,OPTICS,0.6303213653493317
249,Exp_4_400,1,OPTICS,0.5213340506530019
250,Exp_4_400,2,OPTICS,0.49611297165943735
251,Exp_4_400,3,OPTICS,1.0
252,Exp_15_400,0,OPTICS,0.6089508020977197
253,Exp_15_400,1,OPTICS,0.5113865140731512
254,Exp_15_400,2,OPTICS,0.5173546297783828
255,Exp_15_400,3,OPTICS,1.0
256,Exp_21_400,0,OPTICS,0.5639978707209877
257,Exp_21_400,1,OPTICS,0.48067429342021134
258,Exp_21_400,2,OPTICS,0.5043032382755492
259,Exp_21_400,3,OPTICS,0.5
260,Exp_22_400,0,OPTICS,0.5482157212261018
261,Exp_22_400,1,OPTICS,0.49759806401171974
262,Exp_22_400,2,OPTICS,0.50651912998974
263,Exp_22_400,3,OPTICS,1.0
264,Exp_8_400,0,OPTICS,0.5596673689447504
265,Exp_8_400,1,OPTICS,0.466668939083174
266,Exp_8_400,2,OPTICS,0.5114623918565611
267,Exp_8_400,3,OPTICS,1.0
268,Exp_23_400,0,OPTICS,0.5458345944309928
269,Exp_23_400,1,OPTICS,0.4973555441920712
270,Exp_23_400,2,OPTICS,0.49810198466425065
271,Exp_23_400,3,OPTICS,1.0
272,Exp_30_400,0,OPTICS,0.5785635155096012
273,Exp_30_400,1,OPTICS,0.48142001970836973
274,Exp_30_400,2,OPTICS,0.4708505387936899
275,Exp_30_400,3,OPTICS,1.0
276,Exp_14_400,0,OPTICS,0.49755340364727896
277,Exp_14_400,1,OPTICS,0.5322051870519795
278,Exp_14_400,2,OPTICS,0.48898337863843366
279,Exp_14_400,3,OPTICS,1.0
280,Exp_34_500,0,OPTICS,0.5951367890445485
281,Exp_34_500,1,OPTICS,0.48427969258825065
282,Exp_34_500,2,OPTICS,0.5019856335572608
283,Exp_34_500,3,OPTICS,1.0
284,Exp_33_500,0,OPTICS,0.5773249762669992
285,Exp_33_500,1,OPTICS,0.5156562155442335
286,Exp_33_500,2,OPTICS,0.4902497999802262
287,Exp_33_500,3,OPTICS,1.0
288,Exp_31_500,0,OPTICS,0.4574946393847139
289,Exp_31_500,1,OPTICS,0.4184263955571749
290,Exp_31_500,2,OPTICS,0.49754383783111555
291,Exp_31_500,3,OPTICS,1.0
292,Exp_32_500,0,OPTICS,0.5880392729396307
293,Exp_32_500,1,OPTICS,0.559583423686048
294,Exp_32_500,2,OPTICS,0.4951679480523371
295,Exp_32_500,3,OPTICS,1.0
296,Exp_20_500,0,OPTICS,0.6278514152386296
297,Exp_20_500,1,OPTICS,0.505303572463757
298,Exp_20_500,2,OPTICS,0.4904293156076016
299,Exp_20_500,3,OPTICS,1.0
300,Exp_6_500,0,OPTICS,0.5729668500548861
301,Exp_6_500,1,OPTICS,0.5417364286436966
302,Exp_6_500,2,OPTICS,0.5606422300939473
303,Exp_6_500,3,OPTICS,1.0
304,Exp_26_500,0,OPTICS,0.5301987922553222
305,Exp_26_500,1,OPTICS,0.5434161512549204
306,Exp_26_500,2,OPTICS,0.4844075767227223
307,Exp_26_500,3,OPTICS,1.0
308,Exp_19_500,0,OPTICS,0.5806384965609792
309,Exp_19_500,1,OPTICS,0.5184360292613055
310,Exp_19_500,2,OPTICS,0.47534365042023996
311,Exp_19_500,3,OPTICS,1.0
312,Exp_24_500,0,OPTICS,0.5986332878398886
313,Exp_24_500,1,OPTICS,0.5023950039032006
314,Exp_24_500,2,OPTICS,0.4838824869450019
315,Exp_24_500,3,OPTICS,1.0
316,Exp_16_500,0,OPTICS,0.5499048763182844
317,Exp_16_500,1,OPTICS,0.508635157072657
318,Exp_16_500,2,OPTICS,0.4600465928945836
319,Exp_16_500,3,OPTICS,1.0
320,Exp_29_500,0,OPTICS,0.5928600674268889
321,Exp_29_500,1,OPTICS,0.5242675479270439
322,Exp_29_500,2,OPTICS,0.486450932863373
323,Exp_29_500,3,OPTICS,1.0
324,Exp_12_500,0,OPTICS,0.5854819313943298
325,Exp_12_500,1,OPTICS,0.5820350638209281
326,Exp_12_500,2,OPTICS,0.5374562212102886
327,Exp_12_500,3,OPTICS,1.0
328,Exp_2_500,0,OPTICS,0.5364285714285715
329,Exp_2_500,1,OPTICS,0.5513041810510165
330,Exp_2_500,2,OPTICS,0.5053884371633095
331,Exp_2_500,3,OPTICS,1.0
332,Exp_9_500,0,OPTICS,0.5627353724625701
333,Exp_9_500,1,OPTICS,0.5141113106630145
334,Exp_9_500,2,OPTICS,0.5176311357871746
335,Exp_9_500,3,OPTICS,1.0
336,Exp_5_500,0,OPTICS,0.6179293923785638
337,Exp_5_500,1,OPTICS,0.5199023147523283
338,Exp_5_500,2,OPTICS,0.5322849050044942
339,Exp_5_500,3,OPTICS,1.0
340,Exp_10_500,0,OPTICS,0.5103201658021699
341,Exp_10_500,1,OPTICS,0.4577818925645013
342,Exp_10_500,2,OPTICS,0.4965984497395727
343,Exp_10_500,3,OPTICS,1.0
344,Exp_3_500,0,OPTICS,0.5386466254752852
345,Exp_3_500,1,OPTICS,0.5278851967761011
346,Exp_3_500,2,OPTICS,0.5013250528009655
347,Exp_3_500,3,OPTICS,1.0
348,Exp_17_500,0,OPTICS,0.5024942440521872
349,Exp_17_500,1,OPTICS,0.4503812538410917
350,Exp_17_500,2,OPTICS,0.4508853991516874
351,Exp_17_500,3,OPTICS,1.0
352,Exp_18_500,0,OPTICS,0.5951439371910439
353,Exp_18_500,1,OPTICS,0.49789301298380195
354,Exp_18_500,2,OPTICS,0.4080209904973663
355,Exp_18_500,3,OPTICS,1.0
356,Exp_0_500,0,OPTICS,0.5706696846266945
357,Exp_0_500,1,OPTICS,0.5119702920343838
358,Exp_0_500,2,OPTICS,0.5232901851806734
359,Exp_0_500,3,OPTICS,1.0
360,Exp_7_500,0,OPTICS,0.5650957209829619
361,Exp_7_500,1,OPTICS,0.5018423946611229
362,Exp_7_500,2,OPTICS,0.46628924156763796
363,Exp_7_500,3,OPTICS,1.0
364,Exp_28_500,0,OPTICS,0.5178393772240562
365,Exp_28_500,1,OPTICS,0.4550561797752809
366,Exp_28_500,2,OPTICS,0.3965652834625581
367,Exp_28_500,3,OPTICS,1.0
368,Exp_27_500,0,OPTICS,0.45423679083278823
369,Exp_27_500,1,OPTICS,0.4953815379556597
370,Exp_27_500,2,OPTICS,0.5262758597197725
371,Exp_27_500,3,OPTICS,1.0
372,Exp_13_500,0,OPTICS,0.6216451835374797
373,Exp_13_500,1,OPTICS,0.5180554858657976
374,Exp_13_500,2,OPTICS,0.5016815963573511
375,Exp_13_500,3,OPTICS,1.0
376,Exp_1_500,0,OPTICS,0.654612660795041
377,Exp_1_500,1,OPTICS,0.5325166955544014
378,Exp_1_500,2,OPTICS,0.5082408863606461
379,Exp_1_500,3,OPTICS,1.0
380,Exp_25_500,0,OPTICS,0.4986284835826219
381,Exp_25_500,1,OPTICS,0.47120455540954886
382,Exp_25_500,2,OPTICS,0.5199185265243366
383,Exp_25_500,3,OPTICS,1.0
384,Exp_11_500,0,OPTICS,0.586246645980423
385,Exp_11_500,1,OPTICS,0.5378351039165301
386,Exp_11_500,2,OPTICS,0.47694732871384526
387,Exp_11_500,3,OPTICS,1.0
388,Exp_4_500,0,OPTICS,0.5910625992381799
389,Exp_4_500,1,OPTICS,0.4477426385887774
390,Exp_4_500,2,OPTICS,0.4257201415464429
391,Exp_4_500,3,OPTICS,1.0
392,Exp_15_500,0,OPTICS,0.5530492693286826
393,Exp_15_500,1,OPTICS,0.4982637972009506
394,Exp_15_500,2,OPTICS,0.5219913766788766
395,Exp_15_500,3,OPTICS,1.0
396,Exp_21_500,0,OPTICS,0.49355567082659507
397,Exp_21_500,1,OPTICS,0.5275033653076162
398,Exp_21_500,2,OPTICS,0.5141086401204839
399,Exp_21_500,3,OPTICS,1.0
400,Exp_22_500,0,OPTICS,0.4855
401,Exp_22_500,1,OPTICS,0.3996534580721003
402,Exp_22_500,2,OPTICS,0.487106062775418
403,Exp_22_500,3,OPTICS,1.0
404,Exp_8_500,0,OPTICS,0.5689336360793484
405,Exp_8_500,1,OPTICS,0.5301641286623309
406,Exp_8_500,2,OPTICS,0.4750214616426929
407,Exp_8_500,3,OPTICS,1.0
408,Exp_23_500,0,OPTICS,0.5129950041753959
409,Exp_23_500,1,OPTICS,0.5229043640195046
410,Exp_23_500,2,OPTICS,0.47698927890693565
411,Exp_23_500,3,OPTICS,0.5
412,Exp_30_500,0,OPTICS,0.54390533625731
413,Exp_30_500,1,OPTICS,0.5089381074521255
414,Exp_30_500,2,OPTICS,0.52100105058008
415,Exp_30_500,3,OPTICS,1.0
416,Exp_14_500,0,OPTICS,0.5966413944978253
417,Exp_14_500,1,OPTICS,0.5211062637125718
418,Exp_14_500,2,OPTICS,0.5018673188341017
419,Exp_14_500,3,OPTICS,1.0
0,Exp_34_300,0,HDBSCAN,0.7651659922225532
1,Exp_34_300,1,HDBSCAN,0.7330468083279214
2,Exp_34_300,2,HDBSCAN,0.5920645208598473
3,Exp_34_300,3,HDBSCAN,0.5
4,Exp_33_300,0,HDBSCAN,0.6248224697850976
5,Exp_33_300,1,HDBSCAN,0.7358689404100403
6,Exp_33_300,2,HDBSCAN,0.5572141281859249
7,Exp_33_300,3,HDBSCAN,1.0
8,Exp_31_300,0,HDBSCAN,0.7765027989929998
9,Exp_31_300,1,HDBSCAN,0.6990686813888094
10,Exp_31_300,2,HDBSCAN,0.6300805394268589
11,Exp_31_300,3,HDBSCAN,1.0
12,Exp_32_300,0,HDBSCAN,0.8023443181340943
13,Exp_32_300,1,HDBSCAN,0.7323733250048334
14,Exp_32_300,2,HDBSCAN,0.618960853430304
15,Exp_32_300,3,HDBSCAN,1.0
16,Exp_20_300,0,HDBSCAN,0.6370349141697027
17,Exp_20_300,1,HDBSCAN,0.7171440344981689
18,Exp_20_300,2,HDBSCAN,0.5538163911361238
19,Exp_20_300,3,HDBSCAN,1.0
20,Exp_6_300,0,HDBSCAN,0.7019980657242217
21,Exp_6_300,1,HDBSCAN,0.6850289447301187
22,Exp_6_300,2,HDBSCAN,0.6053208996160175
23,Exp_6_300,3,HDBSCAN,0.5
24,Exp_26_300,0,HDBSCAN,0.7711008741959047
25,Exp_26_300,1,HDBSCAN,0.6448921397202343
26,Exp_26_300,2,HDBSCAN,0.6065319535949022
27,Exp_26_300,3,HDBSCAN,0.5
28,Exp_19_300,0,HDBSCAN,0.7540060732393845
29,Exp_19_300,1,HDBSCAN,0.7476387111492633
30,Exp_19_300,2,HDBSCAN,0.5750166412964757
31,Exp_19_300,3,HDBSCAN,1.0
32,Exp_24_300,0,HDBSCAN,0.7533162954849701
33,Exp_24_300,1,HDBSCAN,0.6764470430168456
34,Exp_24_300,2,HDBSCAN,0.561169877293072
35,Exp_24_300,3,HDBSCAN,0.5
36,Exp_16_300,0,HDBSCAN,0.7310671240503814
37,Exp_16_300,1,HDBSCAN,0.7550568370492121
38,Exp_16_300,2,HDBSCAN,0.5087558495567217
39,Exp_16_300,3,HDBSCAN,1.0
40,Exp_29_300,0,HDBSCAN,0.6563054078014184
41,Exp_29_300,1,HDBSCAN,0.5606033895117881
42,Exp_29_300,2,HDBSCAN,0.5235866622315225
43,Exp_29_300,3,HDBSCAN,1.0
44,Exp_12_300,0,HDBSCAN,0.7013476421886249
45,Exp_12_300,1,HDBSCAN,0.688119294740716
46,Exp_12_300,2,HDBSCAN,0.5532625898972067
47,Exp_12_300,3,HDBSCAN,1.0
48,Exp_2_300,0,HDBSCAN,0.7116881422334094
49,Exp_2_300,1,HDBSCAN,0.6332359151946909
50,Exp_2_300,2,HDBSCAN,0.5735716161016672
51,Exp_2_300,3,HDBSCAN,1.0
52,Exp_9_300,0,HDBSCAN,0.7679460955449571
53,Exp_9_300,1,HDBSCAN,0.6087428672314033
54,Exp_9_300,2,HDBSCAN,0.5519199861812064
55,Exp_9_300,3,HDBSCAN,0.5
56,Exp_5_300,0,HDBSCAN,0.8280531268534133
57,Exp_5_300,1,HDBSCAN,0.6352219260727928
58,Exp_5_300,2,HDBSCAN,0.5482884552182141
59,Exp_5_300,3,HDBSCAN,1.0
60,Exp_10_300,0,HDBSCAN,0.7545150693042457
61,Exp_10_300,1,HDBSCAN,0.7598285768460236
62,Exp_10_300,2,HDBSCAN,0.6269338959212377
63,Exp_10_300,3,HDBSCAN,1.0
64,Exp_3_300,0,HDBSCAN,0.7029607183119988
65,Exp_3_300,1,HDBSCAN,0.7436953165208441
66,Exp_3_300,2,HDBSCAN,0.575541791720511
67,Exp_3_300,3,HDBSCAN,0.5
68,Exp_17_300,0,HDBSCAN,0.7913886989934231
69,Exp_17_300,1,HDBSCAN,0.7529082480538791
70,Exp_17_300,2,HDBSCAN,0.5686444837793214
71,Exp_17_300,3,HDBSCAN,1.0
72,Exp_18_300,0,HDBSCAN,0.7602720441173615
73,Exp_18_300,1,HDBSCAN,0.6320352618966107
74,Exp_18_300,2,HDBSCAN,0.5885156203279359
75,Exp_18_300,3,HDBSCAN,1.0
76,Exp_0_300,0,HDBSCAN,0.5768181818181818
77,Exp_0_300,1,HDBSCAN,0.6528974276078909
78,Exp_0_300,2,HDBSCAN,0.5130444098169069
79,Exp_0_300,3,HDBSCAN,1.0
80,Exp_7_300,0,HDBSCAN,0.6531612771787039
81,Exp_7_300,1,HDBSCAN,0.6307250939372397
82,Exp_7_300,2,HDBSCAN,0.5858143939393939
83,Exp_7_300,3,HDBSCAN,1.0
84,Exp_28_300,0,HDBSCAN,0.7227439227439227
85,Exp_28_300,1,HDBSCAN,0.6487631213612484
86,Exp_28_300,2,HDBSCAN,0.5629065512898938
87,Exp_28_300,3,HDBSCAN,1.0
88,Exp_27_300,0,HDBSCAN,0.733950633024889
89,Exp_27_300,1,HDBSCAN,0.6262633584699748
90,Exp_27_300,2,HDBSCAN,0.6118079451156336
91,Exp_27_300,3,HDBSCAN,1.0
92,Exp_13_300,0,HDBSCAN,0.6264
93,Exp_13_300,1,HDBSCAN,0.6543855993010124
94,Exp_13_300,2,HDBSCAN,0.5683906526159976
95,Exp_13_300,3,HDBSCAN,1.0
96,Exp_1_300,0,HDBSCAN,0.7264835621000005
97,Exp_1_300,1,HDBSCAN,0.7603888312763902
98,Exp_1_300,2,HDBSCAN,0.5393842211703137
99,Exp_1_300,3,HDBSCAN,1.0
100,Exp_25_300,0,HDBSCAN,0.7384135578319599
101,Exp_25_300,1,HDBSCAN,0.6796685167988292
102,Exp_25_300,2,HDBSCAN,0.5837820715869496
103,Exp_25_300,3,HDBSCAN,1.0
104,Exp_11_300,0,HDBSCAN,0.7291928171149111
105,Exp_11_300,1,HDBSCAN,0.7864091129930657
106,Exp_11_300,2,HDBSCAN,0.46187669376693763
107,Exp_11_300,3,HDBSCAN,1.0
108,Exp_4_300,0,HDBSCAN,0.8029158605771733
109,Exp_4_300,1,HDBSCAN,0.6372644119189785
110,Exp_4_300,2,HDBSCAN,0.594922296545197
111,Exp_4_300,3,HDBSCAN,1.0
112,Exp_15_300,0,HDBSCAN,0.6900765175367943
113,Exp_15_300,1,HDBSCAN,0.7524878967186659
114,Exp_15_300,2,HDBSCAN,0.5849550053160589
115,Exp_15_300,3,HDBSCAN,1.0
116,Exp_21_300,0,HDBSCAN,0.65425
117,Exp_21_300,1,HDBSCAN,0.7403955393446544
118,Exp_21_300,2,HDBSCAN,0.5387283981586316
119,Exp_21_300,3,HDBSCAN,1.0
120,Exp_22_300,0,HDBSCAN,0.6239000650765356
121,Exp_22_300,1,HDBSCAN,0.706026505539647
122,Exp_22_300,2,HDBSCAN,0.600314889788574
123,Exp_22_300,3,HDBSCAN,1.0
124,Exp_8_300,0,HDBSCAN,0.6908322991899399
125,Exp_8_300,1,HDBSCAN,0.7459727993557742
126,Exp_8_300,2,HDBSCAN,0.6007194068590684
127,Exp_8_300,3,HDBSCAN,1.0
128,Exp_23_300,0,HDBSCAN,0.6840511694799788
129,Exp_23_300,1,HDBSCAN,0.7433288104929896
130,Exp_23_300,2,HDBSCAN,0.5668906536346976
131,Exp_23_300,3,HDBSCAN,1.0
132,Exp_30_300,0,HDBSCAN,0.6983922737916137
133,Exp_30_300,1,HDBSCAN,0.6563772262678111
134,Exp_30_300,2,HDBSCAN,0.5059617330169283
135,Exp_30_300,3,HDBSCAN,1.0
136,Exp_14_300,0,HDBSCAN,0.6286618692027355
137,Exp_14_300,1,HDBSCAN,0.7066003616636528
138,Exp_14_300,2,HDBSCAN,0.5780590717299579
139,Exp_14_300,3,HDBSCAN,1.0
140,Exp_34_400,0,HDBSCAN,0.63125
141,Exp_34_400,1,HDBSCAN,0.7433591588267847
142,Exp_34_400,2,HDBSCAN,0.5793762703584483
143,Exp_34_400,3,HDBSCAN,1.0
144,Exp_33_400,0,HDBSCAN,0.6599887454899206
145,Exp_33_400,1,HDBSCAN,0.6339869516779277
146,Exp_33_400,2,HDBSCAN,0.5696985167564518
147,Exp_33_400,3,HDBSCAN,1.0
148,Exp_31_400,0,HDBSCAN,0.8184213852990656
149,Exp_31_400,1,HDBSCAN,0.7432591895785952
150,Exp_31_400,2,HDBSCAN,0.5524362713159094
151,Exp_31_400,3,HDBSCAN,0.5
152,Exp_32_400,0,HDBSCAN,0.7112497250766305
153,Exp_32_400,1,HDBSCAN,0.7394605822215614
154,Exp_32_400,2,HDBSCAN,0.6235247814868345
155,Exp_32_400,3,HDBSCAN,1.0
156,Exp_20_400,0,HDBSCAN,0.7444353627342719
157,Exp_20_400,1,HDBSCAN,0.6675590787616732
158,Exp_20_400,2,HDBSCAN,0.5852972900621941
159,Exp_20_400,3,HDBSCAN,1.0
160,Exp_6_400,0,HDBSCAN,0.8245417274316454
161,Exp_6_400,1,HDBSCAN,0.7798421372191864
162,Exp_6_400,2,HDBSCAN,0.631105056328491
163,Exp_6_400,3,HDBSCAN,1.0
164,Exp_26_400,0,HDBSCAN,0.7315324300158195
165,Exp_26_400,1,HDBSCAN,0.7682271680736761
166,Exp_26_400,2,HDBSCAN,0.6271232876712329
167,Exp_26_400,3,HDBSCAN,1.0
168,Exp_19_400,0,HDBSCAN,0.8042215096707392
169,Exp_19_400,1,HDBSCAN,0.6653086665011174
170,Exp_19_400,2,HDBSCAN,0.5330575755126028
171,Exp_19_400,3,HDBSCAN,1.0
172,Exp_24_400,0,HDBSCAN,0.7072435197897232
173,Exp_24_400,1,HDBSCAN,0.6912549399094052
174,Exp_24_400,2,HDBSCAN,0.561088712588871
175,Exp_24_400,3,HDBSCAN,1.0
176,Exp_16_400,0,HDBSCAN,0.731751990385809
177,Exp_16_400,1,HDBSCAN,0.6675276563554773
178,Exp_16_400,2,HDBSCAN,0.5713085474957564
179,Exp_16_400,3,HDBSCAN,1.0
180,Exp_29_400,0,HDBSCAN,0.6674262152777777
181,Exp_29_400,1,HDBSCAN,0.7481024667931688
182,Exp_29_400,2,HDBSCAN,0.6206726013847675
183,Exp_29_400,3,HDBSCAN,1.0
184,Exp_12_400,0,HDBSCAN,0.6962573935845289
185,Exp_12_400,1,HDBSCAN,0.7059730097327469
186,Exp_12_400,2,HDBSCAN,0.5934258065723692
187,Exp_12_400,3,HDBSCAN,1.0
188,Exp_2_400,0,HDBSCAN,0.687413951984226
189,Exp_2_400,1,HDBSCAN,0.7315528105758287
190,Exp_2_400,2,HDBSCAN,0.5856354097391561
191,Exp_2_400,3,HDBSCAN,1.0
192,Exp_9_400,0,HDBSCAN,0.7968804772140438
193,Exp_9_400,1,HDBSCAN,0.7650363516192994
194,Exp_9_400,2,HDBSCAN,0.6430781816644539
195,Exp_9_400,3,HDBSCAN,1.0
196,Exp_5_400,0,HDBSCAN,0.7943940928864355
197,Exp_5_400,1,HDBSCAN,0.715743252241076
198,Exp_5_400,2,HDBSCAN,0.5765276906816462
199,Exp_5_400,3,HDBSCAN,1.0
200,Exp_10_400,0,HDBSCAN,0.6949687987519502
201,Exp_10_400,1,HDBSCAN,0.6924856528092543
202,Exp_10_400,2,HDBSCAN,0.5834219945299897
203,Exp_10_400,3,HDBSCAN,1.0
204,Exp_3_400,0,HDBSCAN,0.8081594345294834
205,Exp_3_400,1,HDBSCAN,0.643845740880764
206,Exp_3_400,2,HDBSCAN,0.5625393692039714
207,Exp_3_400,3,HDBSCAN,0.5
208,Exp_17_400,0,HDBSCAN,0.6067071781425234
209,Exp_17_400,1,HDBSCAN,0.6313024275418004
210,Exp_17_400,2,HDBSCAN,0.5961901464471653
211,Exp_17_400,3,HDBSCAN,1.0
212,Exp_18_400,0,HDBSCAN,0.7202134986225895
213,Exp_18_400,1,HDBSCAN,0.7195510151203894
214,Exp_18_400,2,HDBSCAN,0.6222989427842879
215,Exp_18_400,3,HDBSCAN,1.0
216,Exp_0_400,0,HDBSCAN,0.78059129385459
217,Exp_0_400,1,HDBSCAN,0.7244156770242844
218,Exp_0_400,2,HDBSCAN,0.5532468919729501
219,Exp_0_400,3,HDBSCAN,1.0
220,Exp_7_400,0,HDBSCAN,0.7417334685551923
221,Exp_7_400,1,HDBSCAN,0.736025958368606
222,Exp_7_400,2,HDBSCAN,0.5792818581837238
223,Exp_7_400,3,HDBSCAN,1.0
224,Exp_28_400,0,HDBSCAN,0.7253741148988977
225,Exp_28_400,1,HDBSCAN,0.5901718136183223
226,Exp_28_400,2,HDBSCAN,0.5553320597034649
227,Exp_28_400,3,HDBSCAN,1.0
228,Exp_27_400,0,HDBSCAN,0.781873996874102
229,Exp_27_400,1,HDBSCAN,0.7198605826819455
230,Exp_27_400,2,HDBSCAN,0.5767800785644743
231,Exp_27_400,3,HDBSCAN,0.5
232,Exp_13_400,0,HDBSCAN,0.6281496281496282
233,Exp_13_400,1,HDBSCAN,0.7907233572611816
234,Exp_13_400,2,HDBSCAN,0.5468082264957265
235,Exp_13_400,3,HDBSCAN,1.0
236,Exp_1_400,0,HDBSCAN,0.6753333333333333
237,Exp_1_400,1,HDBSCAN,0.7001664447991967
238,Exp_1_400,2,HDBSCAN,0.5668400166586616
239,Exp_1_400,3,HDBSCAN,1.0
240,Exp_25_400,0,HDBSCAN,0.7660038057734491
241,Exp_25_400,1,HDBSCAN,0.801798235693282
242,Exp_25_400,2,HDBSCAN,0.6597704327434124
243,Exp_25_400,3,HDBSCAN,1.0
244,Exp_11_400,0,HDBSCAN,0.7787932148986916
245,Exp_11_400,1,HDBSCAN,0.7458697288170486
246,Exp_11_400,2,HDBSCAN,0.569237397869857
247,Exp_11_400,3,HDBSCAN,1.0
248,Exp_4_400,0,HDBSCAN,0.7623417401105301
249,Exp_4_400,1,HDBSCAN,0.7367207164066161
250,Exp_4_400,2,HDBSCAN,0.6403044341495698
251,Exp_4_400,3,HDBSCAN,1.0
252,Exp_15_400,0,HDBSCAN,0.7503066418133879
253,Exp_15_400,1,HDBSCAN,0.6779594659019722
254,Exp_15_400,2,HDBSCAN,0.6118371327890119
255,Exp_15_400,3,HDBSCAN,1.0
256,Exp_21_400,0,HDBSCAN,0.7163353587285162
257,Exp_21_400,1,HDBSCAN,0.6167357249396157
258,Exp_21_400,2,HDBSCAN,0.5886573232903181
259,Exp_21_400,3,HDBSCAN,0.5
260,Exp_22_400,0,HDBSCAN,0.7155639439376464
261,Exp_22_400,1,HDBSCAN,0.7261436555578555
262,Exp_22_400,2,HDBSCAN,0.5526461867834225
263,Exp_22_400,3,HDBSCAN,1.0
264,Exp_8_400,0,HDBSCAN,0.7789950808885733
265,Exp_8_400,1,HDBSCAN,0.7408292977962188
266,Exp_8_400,2,HDBSCAN,0.5058274934362622
267,Exp_8_400,3,HDBSCAN,1.0
268,Exp_23_400,0,HDBSCAN,0.6916868442292171
269,Exp_23_400,1,HDBSCAN,0.7316922227211138
270,Exp_23_400,2,HDBSCAN,0.5960505541229298
271,Exp_23_400,3,HDBSCAN,1.0
272,Exp_30_400,0,HDBSCAN,0.6760403956072185
273,Exp_30_400,1,HDBSCAN,0.6559478595623548
274,Exp_30_400,2,HDBSCAN,0.6032247467809073
275,Exp_30_400,3,HDBSCAN,1.0
276,Exp_14_400,0,HDBSCAN,0.7614842684539841
277,Exp_14_400,1,HDBSCAN,0.7026185804508497
278,Exp_14_400,2,HDBSCAN,0.5644706613108298
279,Exp_14_400,3,HDBSCAN,1.0
280,Exp_34_500,0,HDBSCAN,0.7822958437635907
281,Exp_34_500,1,HDBSCAN,0.6655954713006846
282,Exp_34_500,2,HDBSCAN,0.5504284422500035
283,Exp_34_500,3,HDBSCAN,1.0
284,Exp_33_500,0,HDBSCAN,0.7939826834875502
285,Exp_33_500,1,HDBSCAN,0.65892972275951
286,Exp_33_500,2,HDBSCAN,0.573358201736191
287,Exp_33_500,3,HDBSCAN,1.0
288,Exp_31_500,0,HDBSCAN,0.6181308449724322
289,Exp_31_500,1,HDBSCAN,0.7328130189305878
290,Exp_31_500,2,HDBSCAN,0.5971479500891266
291,Exp_31_500,3,HDBSCAN,1.0
292,Exp_32_500,0,HDBSCAN,0.723779107964085
293,Exp_32_500,1,HDBSCAN,0.6869934379710916
294,Exp_32_500,2,HDBSCAN,0.5975298636360185
295,Exp_32_500,3,HDBSCAN,1.0
296,Exp_20_500,0,HDBSCAN,0.7517995059269775
297,Exp_20_500,1,HDBSCAN,0.6401891429526645
298,Exp_20_500,2,HDBSCAN,0.5903646896319298
299,Exp_20_500,3,HDBSCAN,1.0
300,Exp_6_500,0,HDBSCAN,0.7789292473265386
301,Exp_6_500,1,HDBSCAN,0.7600498043400925
302,Exp_6_500,2,HDBSCAN,0.6100114014021298
303,Exp_6_500,3,HDBSCAN,1.0
304,Exp_26_500,0,HDBSCAN,0.6676325806421006
305,Exp_26_500,1,HDBSCAN,0.727405201966725
306,Exp_26_500,2,HDBSCAN,0.5912679172698676
307,Exp_26_500,3,HDBSCAN,1.0
308,Exp_19_500,0,HDBSCAN,0.7003521789731335
309,Exp_19_500,1,HDBSCAN,0.6106410810673346
310,Exp_19_500,2,HDBSCAN,0.564715373784527
311,Exp_19_500,3,HDBSCAN,1.0
312,Exp_24_500,0,HDBSCAN,0.7127725232318798
313,Exp_24_500,1,HDBSCAN,0.6187124957616761
314,Exp_24_500,2,HDBSCAN,0.5234867486195486
315,Exp_24_500,3,HDBSCAN,1.0
316,Exp_16_500,0,HDBSCAN,0.6639465549320949
317,Exp_16_500,1,HDBSCAN,0.6373286253883269
318,Exp_16_500,2,HDBSCAN,0.589932694738519
319,Exp_16_500,3,HDBSCAN,1.0
320,Exp_29_500,0,HDBSCAN,0.7351936224191018
321,Exp_29_500,1,HDBSCAN,0.6851126157316436
322,Exp_29_500,2,HDBSCAN,0.5360912066985997
323,Exp_29_500,3,HDBSCAN,1.0
324,Exp_12_500,0,HDBSCAN,0.7738927501375783
325,Exp_12_500,1,HDBSCAN,0.7470261081696559
326,Exp_12_500,2,HDBSCAN,0.5683869478983112
327,Exp_12_500,3,HDBSCAN,1.0
328,Exp_2_500,0,HDBSCAN,0.6373214285714286
329,Exp_2_500,1,HDBSCAN,0.7681242807825086
330,Exp_2_500,2,HDBSCAN,0.6162762022194821
331,Exp_2_500,3,HDBSCAN,1.0
332,Exp_9_500,0,HDBSCAN,0.7742108324913506
333,Exp_9_500,1,HDBSCAN,0.7555107109593294
334,Exp_9_500,2,HDBSCAN,0.5906037999555296
335,Exp_9_500,3,HDBSCAN,1.0
336,Exp_5_500,0,HDBSCAN,0.706177260055342
337,Exp_5_500,1,HDBSCAN,0.7310407949790795
338,Exp_5_500,2,HDBSCAN,0.5694307366428295
339,Exp_5_500,3,HDBSCAN,1.0
340,Exp_10_500,0,HDBSCAN,0.7415881446918391
341,Exp_10_500,1,HDBSCAN,0.7790834312573442
342,Exp_10_500,2,HDBSCAN,0.5789795539327264
343,Exp_10_500,3,HDBSCAN,1.0
344,Exp_3_500,0,HDBSCAN,0.6840838878326996
345,Exp_3_500,1,HDBSCAN,0.621250647836227
346,Exp_3_500,2,HDBSCAN,0.634057810174046
347,Exp_3_500,3,HDBSCAN,1.0
348,Exp_17_500,0,HDBSCAN,0.6599837013711419
349,Exp_17_500,1,HDBSCAN,0.6773360904388034
350,Exp_17_500,2,HDBSCAN,0.6175344965667546
351,Exp_17_500,3,HDBSCAN,1.0
352,Exp_18_500,0,HDBSCAN,0.658461762140157
353,Exp_18_500,1,HDBSCAN,0.710263720598717
354,Exp_18_500,2,HDBSCAN,0.5841439688715954
355,Exp_18_500,3,HDBSCAN,1.0
356,Exp_0_500,0,HDBSCAN,0.8169350470281184
357,Exp_0_500,1,HDBSCAN,0.6525681904756169
358,Exp_0_500,2,HDBSCAN,0.5824016493685553
359,Exp_0_500,3,HDBSCAN,1.0
360,Exp_7_500,0,HDBSCAN,0.6828467862218128
361,Exp_7_500,1,HDBSCAN,0.685702843828663
362,Exp_7_500,2,HDBSCAN,0.5749157317502641
363,Exp_7_500,3,HDBSCAN,1.0
364,Exp_28_500,0,HDBSCAN,0.7150177924491367
365,Exp_28_500,1,HDBSCAN,0.5882520604578558
366,Exp_28_500,2,HDBSCAN,0.6158346752549652
367,Exp_28_500,3,HDBSCAN,1.0
368,Exp_27_500,0,HDBSCAN,0.5066559552411126
369,Exp_27_500,1,HDBSCAN,0.6352880921895006
370,Exp_27_500,2,HDBSCAN,0.5348532094673262
371,Exp_27_500,3,HDBSCAN,1.0
372,Exp_13_500,0,HDBSCAN,0.8476199380275671
373,Exp_13_500,1,HDBSCAN,0.6845704990726377
374,Exp_13_500,2,HDBSCAN,0.5901547246881202
375,Exp_13_500,3,HDBSCAN,1.0
376,Exp_1_500,0,HDBSCAN,0.8357454555290722
377,Exp_1_500,1,HDBSCAN,0.6455759774379357
378,Exp_1_500,2,HDBSCAN,0.5470376446996628
379,Exp_1_500,3,HDBSCAN,1.0
380,Exp_25_500,0,HDBSCAN,0.6905214651111091
381,Exp_25_500,1,HDBSCAN,0.7240005345330631
382,Exp_25_500,2,HDBSCAN,0.5688319450449799
383,Exp_25_500,3,HDBSCAN,1.0
384,Exp_11_500,0,HDBSCAN,0.7789030294853923
385,Exp_11_500,1,HDBSCAN,0.7375639073549811
386,Exp_11_500,2,HDBSCAN,0.5895843020848595
387,Exp_11_500,3,HDBSCAN,1.0
388,Exp_4_500,0,HDBSCAN,0.6864382028942584
389,Exp_4_500,1,HDBSCAN,0.5856942506970239
390,Exp_4_500,2,HDBSCAN,0.5241955635203698
391,Exp_4_500,3,HDBSCAN,1.0
392,Exp_15_500,0,HDBSCAN,0.8466785749447953
393,Exp_15_500,1,HDBSCAN,0.7285580070179118
394,Exp_15_500,2,HDBSCAN,0.5869467281011509
395,Exp_15_500,3,HDBSCAN,1.0
396,Exp_21_500,0,HDBSCAN,0.7641452821936757
397,Exp_21_500,1,HDBSCAN,0.7104573460918234
398,Exp_21_500,2,HDBSCAN,0.5819609441353093
399,Exp_21_500,3,HDBSCAN,1.0
400,Exp_22_500,0,HDBSCAN,0.6528333333333334
401,Exp_22_500,1,HDBSCAN,0.7212357954545454
402,Exp_22_500,2,HDBSCAN,0.5611964873765093
403,Exp_22_500,3,HDBSCAN,1.0
404,Exp_8_500,0,HDBSCAN,0.70374682184666
405,Exp_8_500,1,HDBSCAN,0.7601065784638001
406,Exp_8_500,2,HDBSCAN,0.5537829523204398
407,Exp_8_500,3,HDBSCAN,1.0
408,Exp_23_500,0,HDBSCAN,0.5643544670457661
409,Exp_23_500,1,HDBSCAN,0.6816897420570798
410,Exp_23_500,2,HDBSCAN,0.5955213435969209
411,Exp_23_500,3,HDBSCAN,0.5
412,Exp_30_500,0,HDBSCAN,0.7569596734892787
413,Exp_30_500,1,HDBSCAN,0.7681871804954779
414,Exp_30_500,2,HDBSCAN,0.6042135404883586
415,Exp_30_500,3,HDBSCAN,1.0
416,Exp_14_500,0,HDBSCAN,0.8161760140822952
417,Exp_14_500,1,HDBSCAN,0.7529241071162894
418,Exp_14_500,2,HDBSCAN,0.5095646685208197
419,Exp_14_500,3,HDBSCAN,1.0
0,Exp_34_300,0,Adap_DBSCAN,0.9776533409516776
1,Exp_34_300,1,Adap_DBSCAN,0.9232704402515723
2,Exp_34_300,2,Adap_DBSCAN,0.716940669306684
3,Exp_34_300,3,Adap_DBSCAN,0.5
4,Exp_33_300,0,Adap_DBSCAN,0.9964161999068724
5,Exp_33_300,1,Adap_DBSCAN,0.9100775085210346
6,Exp_33_300,2,Adap_DBSCAN,0.8029661016949152
7,Exp_33_300,3,Adap_DBSCAN,1.0
8,Exp_31_300,0,Adap_DBSCAN,0.9631935076109241
9,Exp_31_300,1,Adap_DBSCAN,0.7965340179717586
10,Exp_31_300,2,Adap_DBSCAN,0.6946444644464447
11,Exp_31_300,3,Adap_DBSCAN,1.0
12,Exp_32_300,0,Adap_DBSCAN,0.9499284945392816
13,Exp_32_300,1,Adap_DBSCAN,0.8202576901287686
14,Exp_32_300,2,Adap_DBSCAN,0.6069987572564892
15,Exp_32_300,3,Adap_DBSCAN,1.0
16,Exp_20_300,0,Adap_DBSCAN,0.9718314056335922
17,Exp_20_300,1,Adap_DBSCAN,0.9489680002032423
18,Exp_20_300,2,Adap_DBSCAN,0.8761061048257671
19,Exp_20_300,3,Adap_DBSCAN,1.0
20,Exp_6_300,0,Adap_DBSCAN,0.9836186733063084
21,Exp_6_300,1,Adap_DBSCAN,0.9421967810441663
22,Exp_6_300,2,Adap_DBSCAN,0.8722444889779559
23,Exp_6_300,3,Adap_DBSCAN,0.5
24,Exp_26_300,0,Adap_DBSCAN,0.9809883990354784
25,Exp_26_300,1,Adap_DBSCAN,0.9716126785092303
26,Exp_26_300,2,Adap_DBSCAN,0.8960930596260577
27,Exp_26_300,3,Adap_DBSCAN,0.5
28,Exp_19_300,0,Adap_DBSCAN,0.9621852774529576
29,Exp_19_300,1,Adap_DBSCAN,0.9308668015539558
30,Exp_19_300,2,Adap_DBSCAN,0.712632459482388
31,Exp_19_300,3,Adap_DBSCAN,1.0
32,Exp_24_300,0,Adap_DBSCAN,0.9683393285012878
33,Exp_24_300,1,Adap_DBSCAN,0.8286552548835403
34,Exp_24_300,2,Adap_DBSCAN,0.6658303560425657
35,Exp_24_300,3,Adap_DBSCAN,0.5
36,Exp_16_300,0,Adap_DBSCAN,0.9790752140186576
37,Exp_16_300,1,Adap_DBSCAN,0.9699602085622896
38,Exp_16_300,2,Adap_DBSCAN,0.7161271712844205
39,Exp_16_300,3,Adap_DBSCAN,1.0
40,Exp_29_300,0,Adap_DBSCAN,0.9500221631205674
41,Exp_29_300,1,Adap_DBSCAN,0.9710569527266442
42,Exp_29_300,2,Adap_DBSCAN,0.9380288817814153
43,Exp_29_300,3,Adap_DBSCAN,1.0
44,Exp_12_300,0,Adap_DBSCAN,0.96875
45,Exp_12_300,1,Adap_DBSCAN,0.9631082591330475
46,Exp_12_300,2,Adap_DBSCAN,0.7493838752388017
47,Exp_12_300,3,Adap_DBSCAN,1.0
48,Exp_2_300,0,Adap_DBSCAN,0.9665293320483503
49,Exp_2_300,1,Adap_DBSCAN,0.9360068259385665
50,Exp_2_300,2,Adap_DBSCAN,0.6875768757687577
51,Exp_2_300,3,Adap_DBSCAN,1.0
52,Exp_9_300,0,Adap_DBSCAN,0.9117647058823529
53,Exp_9_300,1,Adap_DBSCAN,0.7765615598471722
54,Exp_9_300,2,Adap_DBSCAN,0.7338603987290818
55,Exp_9_300,3,Adap_DBSCAN,0.5
56,Exp_5_300,0,Adap_DBSCAN,0.9740474309812807
57,Exp_5_300,1,Adap_DBSCAN,0.927454927091147
58,Exp_5_300,2,Adap_DBSCAN,0.8071993131118664
59,Exp_5_300,3,Adap_DBSCAN,1.0
60,Exp_10_300,0,Adap_DBSCAN,0.9717185437836399
61,Exp_10_300,1,Adap_DBSCAN,0.9908333333333333
62,Exp_10_300,2,Adap_DBSCAN,0.9336229431735599
63,Exp_10_300,3,Adap_DBSCAN,1.0
64,Exp_3_300,0,Adap_DBSCAN,0.9807269470940506
65,Exp_3_300,1,Adap_DBSCAN,0.9088836255037269
66,Exp_3_300,2,Adap_DBSCAN,0.6369819536174016
67,Exp_3_300,3,Adap_DBSCAN,0.5
68,Exp_17_300,0,Adap_DBSCAN,0.9375281665434849
69,Exp_17_300,1,Adap_DBSCAN,0.8343345560253848
70,Exp_17_300,2,Adap_DBSCAN,0.6346364867994996
71,Exp_17_300,3,Adap_DBSCAN,1.0
72,Exp_18_300,0,Adap_DBSCAN,0.9770408163265306
73,Exp_18_300,1,Adap_DBSCAN,0.6786600496277916
74,Exp_18_300,2,Adap_DBSCAN,0.6716965742251224
75,Exp_18_300,3,Adap_DBSCAN,1.0
76,Exp_0_300,0,Adap_DBSCAN,1.0
77,Exp_0_300,1,Adap_DBSCAN,0.8541666666666667
78,Exp_0_300,2,Adap_DBSCAN,0.9785464887548357
79,Exp_0_300,3,Adap_DBSCAN,1.0
80,Exp_7_300,0,Adap_DBSCAN,0.9214659685863874
81,Exp_7_300,1,Adap_DBSCAN,0.748499399759904
82,Exp_7_300,2,Adap_DBSCAN,0.7669445085371481
83,Exp_7_300,3,Adap_DBSCAN,1.0
84,Exp_28_300,0,Adap_DBSCAN,0.9354978354978355
85,Exp_28_300,1,Adap_DBSCAN,0.7872308180101422
86,Exp_28_300,2,Adap_DBSCAN,0.7003147482014389
87,Exp_28_300,3,Adap_DBSCAN,1.0
88,Exp_27_300,0,Adap_DBSCAN,0.9425317376165098
89,Exp_27_300,1,Adap_DBSCAN,0.8144578313253013
90,Exp_27_300,2,Adap_DBSCAN,0.6888412017167382
91,Exp_27_300,3,Adap_DBSCAN,1.0
92,Exp_13_300,0,Adap_DBSCAN,1.0
93,Exp_13_300,1,Adap_DBSCAN,0.7654225953306577
94,Exp_13_300,2,Adap_DBSCAN,0.7573839662447257
95,Exp_13_300,3,Adap_DBSCAN,1.0
96,Exp_1_300,0,Adap_DBSCAN,0.968944297711421
97,Exp_1_300,1,Adap_DBSCAN,0.9790959309897099
98,Exp_1_300,2,Adap_DBSCAN,0.8044110666163565
99,Exp_1_300,3,Adap_DBSCAN,1.0
100,Exp_25_300,0,Adap_DBSCAN,0.9827544669108614
101,Exp_25_300,1,Adap_DBSCAN,0.8843664554124278
102,Exp_25_300,2,Adap_DBSCAN,0.7631362742198851
103,Exp_25_300,3,Adap_DBSCAN,1.0
104,Exp_11_300,0,Adap_DBSCAN,0.9587628865979381
105,Exp_11_300,1,Adap_DBSCAN,0.844059405940594
106,Exp_11_300,2,Adap_DBSCAN,0.8027263374485596
107,Exp_11_300,3,Adap_DBSCAN,1.0
108,Exp_4_300,0,Adap_DBSCAN,0.917223541077262
109,Exp_4_300,1,Adap_DBSCAN,0.7341581704030591
110,Exp_4_300,2,Adap_DBSCAN,0.7241108786610879
111,Exp_4_300,3,Adap_DBSCAN,1.0
112,Exp_15_300,0,Adap_DBSCAN,0.9948979591836735
113,Exp_15_300,1,Adap_DBSCAN,0.8351351351351352
114,Exp_15_300,2,Adap_DBSCAN,0.75627990430622
115,Exp_15_300,3,Adap_DBSCAN,1.0
116,Exp_21_300,0,Adap_DBSCAN,1.0
117,Exp_21_300,1,Adap_DBSCAN,0.9088541666666667
118,Exp_21_300,2,Adap_DBSCAN,0.6538461538461539
119,Exp_21_300,3,Adap_DBSCAN,1.0
120,Exp_22_300,0,Adap_DBSCAN,0.9901394901394901
121,Exp_22_300,1,Adap_DBSCAN,0.9680396942577918
122,Exp_22_300,2,Adap_DBSCAN,0.8542183622828784
123,Exp_22_300,3,Adap_DBSCAN,1.0
124,Exp_8_300,0,Adap_DBSCAN,0.9874371859296482
125,Exp_8_300,1,Adap_DBSCAN,0.8172951885565669
126,Exp_8_300,2,Adap_DBSCAN,0.6359690365924058
127,Exp_8_300,3,Adap_DBSCAN,1.0
128,Exp_23_300,0,Adap_DBSCAN,0.997058427741192
129,Exp_23_300,1,Adap_DBSCAN,0.8880208333333333
130,Exp_23_300,2,Adap_DBSCAN,0.8111831442463533
131,Exp_23_300,3,Adap_DBSCAN,1.0
132,Exp_30_300,0,Adap_DBSCAN,0.9562841530054644
133,Exp_30_300,1,Adap_DBSCAN,0.681592039800995
134,Exp_30_300,2,Adap_DBSCAN,0.5794683257918551
135,Exp_30_300,3,Adap_DBSCAN,1.0
136,Exp_14_300,0,Adap_DBSCAN,0.9850673015449327
137,Exp_14_300,1,Adap_DBSCAN,0.9419418521177315
138,Exp_14_300,2,Adap_DBSCAN,0.6606315851926305
139,Exp_14_300,3,Adap_DBSCAN,1.0
140,Exp_34_400,0,Adap_DBSCAN,0.995
141,Exp_34_400,1,Adap_DBSCAN,0.9390179371173957
142,Exp_34_400,2,Adap_DBSCAN,0.7152209492635024
143,Exp_34_400,3,Adap_DBSCAN,1.0
144,Exp_33_400,0,Adap_DBSCAN,0.9652461832131258
145,Exp_33_400,1,Adap_DBSCAN,0.7989609385401402
146,Exp_33_400,2,Adap_DBSCAN,0.7940905086805626
147,Exp_33_400,3,Adap_DBSCAN,1.0
148,Exp_31_400,0,Adap_DBSCAN,0.9404405353455793
149,Exp_31_400,1,Adap_DBSCAN,0.9006447688564477
150,Exp_31_400,2,Adap_DBSCAN,0.6867782344749563
151,Exp_31_400,3,Adap_DBSCAN,0.5
152,Exp_32_400,0,Adap_DBSCAN,0.9744328226486744
153,Exp_32_400,1,Adap_DBSCAN,0.8544681981144602
154,Exp_32_400,2,Adap_DBSCAN,0.7037835577652748
155,Exp_32_400,3,Adap_DBSCAN,1.0
156,Exp_20_400,0,Adap_DBSCAN,0.9503377801126699
157,Exp_20_400,1,Adap_DBSCAN,0.82540675844806
158,Exp_20_400,2,Adap_DBSCAN,0.7416934619506967
159,Exp_20_400,3,Adap_DBSCAN,1.0
160,Exp_6_400,0,Adap_DBSCAN,0.9828787630020959
161,Exp_6_400,1,Adap_DBSCAN,0.9402392794561316
162,Exp_6_400,2,Adap_DBSCAN,0.7524679170779862
163,Exp_6_400,3,Adap_DBSCAN,1.0
164,Exp_26_400,0,Adap_DBSCAN,0.9671057156613247
165,Exp_26_400,1,Adap_DBSCAN,0.9235477936451398
166,Exp_26_400,2,Adap_DBSCAN,0.8922250639386189
167,Exp_26_400,3,Adap_DBSCAN,1.0
168,Exp_19_400,0,Adap_DBSCAN,0.8951612903225806
169,Exp_19_400,1,Adap_DBSCAN,0.765175344204398
170,Exp_19_400,2,Adap_DBSCAN,0.6974734720779854
171,Exp_19_400,3,Adap_DBSCAN,1.0
172,Exp_24_400,0,Adap_DBSCAN,0.9872715965228374
173,Exp_24_400,1,Adap_DBSCAN,0.956776151727531
174,Exp_24_400,2,Adap_DBSCAN,0.8690476190476191
175,Exp_24_400,3,Adap_DBSCAN,1.0
176,Exp_16_400,0,Adap_DBSCAN,0.9453846928852648
177,Exp_16_400,1,Adap_DBSCAN,0.9489194499017681
178,Exp_16_400,2,Adap_DBSCAN,0.6576107899807322
179,Exp_16_400,3,Adap_DBSCAN,1.0
180,Exp_29_400,0,Adap_DBSCAN,0.9701605902777777
181,Exp_29_400,1,Adap_DBSCAN,0.9211898288443928
182,Exp_29_400,2,Adap_DBSCAN,0.781623679249792
183,Exp_29_400,3,Adap_DBSCAN,1.0
184,Exp_12_400,0,Adap_DBSCAN,0.9896422771495403
185,Exp_12_400,1,Adap_DBSCAN,0.9841091927819487
186,Exp_12_400,2,Adap_DBSCAN,0.7875413813013186
187,Exp_12_400,3,Adap_DBSCAN,1.0
188,Exp_2_400,0,Adap_DBSCAN,0.9935690636876982
189,Exp_2_400,1,Adap_DBSCAN,0.9734906798159928
190,Exp_2_400,2,Adap_DBSCAN,0.7992164544564153
191,Exp_2_400,3,Adap_DBSCAN,1.0
192,Exp_9_400,0,Adap_DBSCAN,0.9619289340101522
193,Exp_9_400,1,Adap_DBSCAN,0.8890306122448979
194,Exp_9_400,2,Adap_DBSCAN,0.6279251170046802
195,Exp_9_400,3,Adap_DBSCAN,1.0
196,Exp_5_400,0,Adap_DBSCAN,0.9797877469649117
197,Exp_5_400,1,Adap_DBSCAN,0.8766027073347038
198,Exp_5_400,2,Adap_DBSCAN,0.7472828703967315
199,Exp_5_400,3,Adap_DBSCAN,1.0
200,Exp_10_400,0,Adap_DBSCAN,0.9553865487952852
201,Exp_10_400,1,Adap_DBSCAN,0.8734108905521206
202,Exp_10_400,2,Adap_DBSCAN,0.6492608876078105
203,Exp_10_400,3,Adap_DBSCAN,1.0
204,Exp_3_400,0,Adap_DBSCAN,0.9599712572040299
205,Exp_3_400,1,Adap_DBSCAN,0.8297951309320954
206,Exp_3_400,2,Adap_DBSCAN,0.7209821428571428
207,Exp_3_400,3,Adap_DBSCAN,0.5
208,Exp_17_400,0,Adap_DBSCAN,0.9729263219085881
209,Exp_17_400,1,Adap_DBSCAN,0.8524590163934427
210,Exp_17_400,2,Adap_DBSCAN,0.69375
211,Exp_17_400,3,Adap_DBSCAN,1.0
212,Exp_18_400,0,Adap_DBSCAN,0.8958333333333333
213,Exp_18_400,1,Adap_DBSCAN,0.8069466882067851
214,Exp_18_400,2,Adap_DBSCAN,0.6803232998885173
215,Exp_18_400,3,Adap_DBSCAN,1.0
216,Exp_0_400,0,Adap_DBSCAN,0.9438661248247591
217,Exp_0_400,1,Adap_DBSCAN,0.9223057644110275
218,Exp_0_400,2,Adap_DBSCAN,0.6814300960512273
219,Exp_0_400,3,Adap_DBSCAN,1.0
220,Exp_7_400,0,Adap_DBSCAN,0.9715025906735751
221,Exp_7_400,1,Adap_DBSCAN,0.8254596762627877
222,Exp_7_400,2,Adap_DBSCAN,0.7120551924473493
223,Exp_7_400,3,Adap_DBSCAN,1.0
224,Exp_28_400,0,Adap_DBSCAN,0.980330681071611
225,Exp_28_400,1,Adap_DBSCAN,0.8380398671096345
226,Exp_28_400,2,Adap_DBSCAN,0.7870418172431595
227,Exp_28_400,3,Adap_DBSCAN,1.0
228,Exp_27_400,0,Adap_DBSCAN,0.9650801215782747
229,Exp_27_400,1,Adap_DBSCAN,0.970732290073374
230,Exp_27_400,2,Adap_DBSCAN,0.8445332557908622
231,Exp_27_400,3,Adap_DBSCAN,0.5
232,Exp_13_400,0,Adap_DBSCAN,1.0
233,Exp_13_400,1,Adap_DBSCAN,0.97326980841339
234,Exp_13_400,2,Adap_DBSCAN,0.7786053806082547
235,Exp_13_400,3,Adap_DBSCAN,1.0
236,Exp_1_400,0,Adap_DBSCAN,0.9998333333333334
237,Exp_1_400,1,Adap_DBSCAN,0.9551851158144471
238,Exp_1_400,2,Adap_DBSCAN,0.8607159247361175
239,Exp_1_400,3,Adap_DBSCAN,1.0
240,Exp_25_400,0,Adap_DBSCAN,0.9194811259253813
241,Exp_25_400,1,Adap_DBSCAN,0.8521729998412433
242,Exp_25_400,2,Adap_DBSCAN,0.71255926614102
243,Exp_25_400,3,Adap_DBSCAN,1.0
244,Exp_11_400,0,Adap_DBSCAN,0.8928571428571428
245,Exp_11_400,1,Adap_DBSCAN,0.8517253549721082
246,Exp_11_400,2,Adap_DBSCAN,0.6001866832607343
247,Exp_11_400,3,Adap_DBSCAN,1.0
248,Exp_4_400,0,Adap_DBSCAN,0.9607447602750014
249,Exp_4_400,1,Adap_DBSCAN,0.9100923134603969
250,Exp_4_400,2,Adap_DBSCAN,0.9184027747778261
251,Exp_4_400,3,Adap_DBSCAN,1.0
252,Exp_15_400,0,Adap_DBSCAN,0.9215105610337934
253,Exp_15_400,1,Adap_DBSCAN,0.9525898592924036
254,Exp_15_400,2,Adap_DBSCAN,0.7268931024509447
255,Exp_15_400,3,Adap_DBSCAN,1.0
256,Exp_21_400,0,Adap_DBSCAN,0.9874371859296482
257,Exp_21_400,1,Adap_DBSCAN,0.7154838709677419
258,Exp_21_400,2,Adap_DBSCAN,0.7013041649137568
259,Exp_21_400,3,Adap_DBSCAN,0.5
260,Exp_22_400,0,Adap_DBSCAN,0.9797979797979798
261,Exp_22_400,1,Adap_DBSCAN,0.908940664103697
262,Exp_22_400,2,Adap_DBSCAN,0.6769102990033222
263,Exp_22_400,3,Adap_DBSCAN,1.0
264,Exp_8_400,0,Adap_DBSCAN,0.9757908698785366
265,Exp_8_400,1,Adap_DBSCAN,0.8945860358728661
266,Exp_8_400,2,Adap_DBSCAN,0.7902140894405731
267,Exp_8_400,3,Adap_DBSCAN,1.0
268,Exp_23_400,0,Adap_DBSCAN,0.9739141949152542
269,Exp_23_400,1,Adap_DBSCAN,0.8335916543397366
270,Exp_23_400,2,Adap_DBSCAN,0.6828983303123195
271,Exp_23_400,3,Adap_DBSCAN,1.0
272,Exp_30_400,0,Adap_DBSCAN,0.962149187592319
273,Exp_30_400,1,Adap_DBSCAN,0.9729793759091516
274,Exp_30_400,2,Adap_DBSCAN,0.8334754156923876
275,Exp_30_400,3,Adap_DBSCAN,1.0
276,Exp_14_400,0,Adap_DBSCAN,0.9810234585414996
277,Exp_14_400,1,Adap_DBSCAN,0.8466342080797276
278,Exp_14_400,2,Adap_DBSCAN,0.6874754613270514
279,Exp_14_400,3,Adap_DBSCAN,1.0
280,Exp_34_500,0,Adap_DBSCAN,0.782967032967033
281,Exp_34_500,1,Adap_DBSCAN,0.6720183486238532
282,Exp_34_500,2,Adap_DBSCAN,0.5882352941176471
283,Exp_34_500,3,Adap_DBSCAN,1.0
284,Exp_33_500,0,Adap_DBSCAN,0.9106415344671799
285,Exp_33_500,1,Adap_DBSCAN,0.7305751765893037
286,Exp_33_500,2,Adap_DBSCAN,0.6563585389644985
287,Exp_33_500,3,Adap_DBSCAN,1.0
288,Exp_31_500,0,Adap_DBSCAN,0.9836091164533249
289,Exp_31_500,1,Adap_DBSCAN,0.9692187672976863
290,Exp_31_500,2,Adap_DBSCAN,0.9126327916200172
291,Exp_31_500,3,Adap_DBSCAN,1.0
292,Exp_32_500,0,Adap_DBSCAN,0.9748412292868093
293,Exp_32_500,1,Adap_DBSCAN,0.8850731980620249
294,Exp_32_500,2,Adap_DBSCAN,0.6930232558139535
295,Exp_32_500,3,Adap_DBSCAN,1.0
296,Exp_20_500,0,Adap_DBSCAN,0.9236396642328684
297,Exp_20_500,1,Adap_DBSCAN,0.8308531746031746
298,Exp_20_500,2,Adap_DBSCAN,0.7581924801655744
299,Exp_20_500,3,Adap_DBSCAN,1.0
300,Exp_6_500,0,Adap_DBSCAN,0.9848484848484849
301,Exp_6_500,1,Adap_DBSCAN,0.9572128267423323
302,Exp_6_500,2,Adap_DBSCAN,0.7837373977746951
303,Exp_6_500,3,Adap_DBSCAN,1.0
304,Exp_26_500,0,Adap_DBSCAN,0.9954116570391538
305,Exp_26_500,1,Adap_DBSCAN,0.973700229892075
306,Exp_26_500,2,Adap_DBSCAN,0.7768199233716475
307,Exp_26_500,3,Adap_DBSCAN,1.0
308,Exp_19_500,0,Adap_DBSCAN,0.9596927563849025
309,Exp_19_500,1,Adap_DBSCAN,0.954443110435315
310,Exp_19_500,2,Adap_DBSCAN,0.7931301638900177
311,Exp_19_500,3,Adap_DBSCAN,1.0
312,Exp_24_500,0,Adap_DBSCAN,0.9182295096570177
313,Exp_24_500,1,Adap_DBSCAN,0.8290075547899691
314,Exp_24_500,2,Adap_DBSCAN,0.6118747278893533
315,Exp_24_500,3,Adap_DBSCAN,1.0
316,Exp_16_500,0,Adap_DBSCAN,0.9773869346733668
317,Exp_16_500,1,Adap_DBSCAN,0.6851138411138411
318,Exp_16_500,2,Adap_DBSCAN,0.8293269230769231
319,Exp_16_500,3,Adap_DBSCAN,1.0
320,Exp_29_500,0,Adap_DBSCAN,0.9395132603310945
321,Exp_29_500,1,Adap_DBSCAN,0.9684466019417476
322,Exp_29_500,2,Adap_DBSCAN,0.6658085371148648
323,Exp_29_500,3,Adap_DBSCAN,1.0
324,Exp_12_500,0,Adap_DBSCAN,0.9742434765975927
325,Exp_12_500,1,Adap_DBSCAN,0.96113175632201
326,Exp_12_500,2,Adap_DBSCAN,0.7893904033017991
327,Exp_12_500,3,Adap_DBSCAN,1.0
328,Exp_2_500,0,Adap_DBSCAN,0.9844642857142858
329,Exp_2_500,1,Adap_DBSCAN,0.9624352331606217
330,Exp_2_500,2,Adap_DBSCAN,0.8106060606060606
331,Exp_2_500,3,Adap_DBSCAN,1.0
332,Exp_9_500,0,Adap_DBSCAN,0.9786595633936499
333,Exp_9_500,1,Adap_DBSCAN,0.645631067961165
334,Exp_9_500,2,Adap_DBSCAN,0.6108569387990883
335,Exp_9_500,3,Adap_DBSCAN,1.0
336,Exp_5_500,0,Adap_DBSCAN,0.9908450010881844
337,Exp_5_500,1,Adap_DBSCAN,0.824252997619646
338,Exp_5_500,2,Adap_DBSCAN,0.675203973555413
339,Exp_5_500,3,Adap_DBSCAN,1.0
340,Exp_10_500,0,Adap_DBSCAN,0.9801609322974473
341,Exp_10_500,1,Adap_DBSCAN,0.9712015276145711
342,Exp_10_500,2,Adap_DBSCAN,0.823305808628016
343,Exp_10_500,3,Adap_DBSCAN,1.0
344,Exp_3_500,0,Adap_DBSCAN,0.9752851711026616
345,Exp_3_500,1,Adap_DBSCAN,0.9571364109153206
346,Exp_3_500,2,Adap_DBSCAN,0.8087341281283869
347,Exp_3_500,3,Adap_DBSCAN,1.0
348,Exp_17_500,0,Adap_DBSCAN,0.9626951286088408
349,Exp_17_500,1,Adap_DBSCAN,0.9861926867830593
350,Exp_17_500,2,Adap_DBSCAN,0.6199963345769158
351,Exp_17_500,3,Adap_DBSCAN,1.0
352,Exp_18_500,0,Adap_DBSCAN,0.9380343123000873
353,Exp_18_500,1,Adap_DBSCAN,0.9964200477326969
354,Exp_18_500,2,Adap_DBSCAN,0.7352541535420913
355,Exp_18_500,3,Adap_DBSCAN,1.0
356,Exp_0_500,0,Adap_DBSCAN,0.9362244897959184
357,Exp_0_500,1,Adap_DBSCAN,0.892402874755593
358,Exp_0_500,2,Adap_DBSCAN,0.7404062506867302
359,Exp_0_500,3,Adap_DBSCAN,1.0
360,Exp_7_500,0,Adap_DBSCAN,0.9738219895287958
361,Exp_7_500,1,Adap_DBSCAN,0.8703512255237573
362,Exp_7_500,2,Adap_DBSCAN,0.7530120481927711
363,Exp_7_500,3,Adap_DBSCAN,1.0
364,Exp_28_500,0,Adap_DBSCAN,0.9424031471316212
365,Exp_28_500,1,Adap_DBSCAN,0.6990692560515995
366,Exp_28_500,2,Adap_DBSCAN,0.8053015689300411
367,Exp_28_500,3,Adap_DBSCAN,1.0
368,Exp_27_500,0,Adap_DBSCAN,0.9840901166500369
369,Exp_27_500,1,Adap_DBSCAN,0.9428302272390054
370,Exp_27_500,2,Adap_DBSCAN,0.8117937853107344
371,Exp_27_500,3,Adap_DBSCAN,1.0
372,Exp_13_500,0,Adap_DBSCAN,0.9777778317419304
373,Exp_13_500,1,Adap_DBSCAN,0.8768607210281434
374,Exp_13_500,2,Adap_DBSCAN,0.732150472344418
375,Exp_13_500,3,Adap_DBSCAN,1.0
376,Exp_1_500,0,Adap_DBSCAN,0.9772318814049881
377,Exp_1_500,1,Adap_DBSCAN,0.9250878154602844
378,Exp_1_500,2,Adap_DBSCAN,0.7383315338946917
379,Exp_1_500,3,Adap_DBSCAN,1.0
380,Exp_25_500,0,Adap_DBSCAN,0.9785053736565859
381,Exp_25_500,1,Adap_DBSCAN,0.9821287779237845
382,Exp_25_500,2,Adap_DBSCAN,0.7234439263479068
383,Exp_25_500,3,Adap_DBSCAN,1.0
384,Exp_11_500,0,Adap_DBSCAN,0.9711127100478182
385,Exp_11_500,1,Adap_DBSCAN,0.8882664363868418
386,Exp_11_500,2,Adap_DBSCAN,0.7319829266812814
387,Exp_11_500,3,Adap_DBSCAN,1.0
388,Exp_4_500,0,Adap_DBSCAN,0.9263642421699534
389,Exp_4_500,1,Adap_DBSCAN,0.7665862484921593
390,Exp_4_500,2,Adap_DBSCAN,0.6523357139061496
391,Exp_4_500,3,Adap_DBSCAN,1.0
392,Exp_15_500,0,Adap_DBSCAN,0.974103011294111
393,Exp_15_500,1,Adap_DBSCAN,0.9747525679122113
394,Exp_15_500,2,Adap_DBSCAN,0.834470962631447
395,Exp_15_500,3,Adap_DBSCAN,1.0
396,Exp_21_500,0,Adap_DBSCAN,0.9487179487179487
397,Exp_21_500,1,Adap_DBSCAN,0.8910270980226532
398,Exp_21_500,2,Adap_DBSCAN,0.6946226603397927
399,Exp_21_500,3,Adap_DBSCAN,1.0
400,Exp_22_500,0,Adap_DBSCAN,0.995
401,Exp_22_500,1,Adap_DBSCAN,0.8707901851173021
402,Exp_22_500,2,Adap_DBSCAN,0.8080614203454894
403,Exp_22_500,3,Adap_DBSCAN,1.0
404,Exp_8_500,0,Adap_DBSCAN,0.971938775510204
405,Exp_8_500,1,Adap_DBSCAN,0.8917975567190226
406,Exp_8_500,2,Adap_DBSCAN,0.634083044982699
407,Exp_8_500,3,Adap_DBSCAN,1.0
408,Exp_23_500,0,Adap_DBSCAN,1.0
409,Exp_23_500,1,Adap_DBSCAN,0.9333333333333333
410,Exp_23_500,2,Adap_DBSCAN,0.6892901618929016
411,Exp_23_500,3,Adap_DBSCAN,0.5
412,Exp_30_500,0,Adap_DBSCAN,0.9808114035087718
413,Exp_30_500,1,Adap_DBSCAN,0.932664629212311
414,Exp_30_500,2,Adap_DBSCAN,0.6349041157462132
415,Exp_30_500,3,Adap_DBSCAN,1.0
416,Exp_14_500,0,Adap_DBSCAN,0.9846960948655863
417,Exp_14_500,1,Adap_DBSCAN,0.7955742481754404
418,Exp_14_500,2,Adap_DBSCAN,0.6347243205396944
419,Exp_14_500,3,Adap_DBSCAN,1.0
