,Experiment,Level,algorithm,SSM
0,Exp_6_300,0,Natural,0.8268825187195549
1,Exp_6_300,1,Natural,0.0604480834329948
2,Exp_6_300,2,Natural,0.0362348671431886
3,Exp_6_300,3,Natural,0.031035537261337
0,Exp_15_300,0,Natural,0.7641268747654759
1,Exp_15_300,1,Natural,0.0035981650474095
2,Exp_15_300,2,Natural,0.0035564262449507
3,Exp_15_300,3,Natural,0.0002715008130337
0,Exp_22_300,0,Natural,0.8384094283878508
1,Exp_22_300,1,Natural,4.409201074065919e-08
2,Exp_22_300,2,Natural,0.0042976634846005
3,Exp_22_300,3,Natural,0.0003055112004827
0,Exp_19_300,0,Natural,0.7436269336324413
1,Exp_19_300,1,Natural,0.2409310520925371
2,Exp_19_300,2,Natural,0.0291674741905745
3,Exp_19_300,3,Natural,0.0401471913576119
0,Exp_2_300,0,Natural,0.8338567310352168
1,Exp_2_300,1,Natural,0.0025458090975044
2,Exp_2_300,2,Natural,0.0026770676220787
3,Exp_2_300,3,Natural,0.0008853961506279
0,Exp_27_300,0,Natural,0.8449612758035249
1,Exp_27_300,1,Natural,0.0003946687893621
2,Exp_27_300,2,Natural,7.358129470049963e-05
3,Exp_27_300,3,Natural,0.0004214321275967
0,Exp_34_300,0,Natural,0.837650001203558
1,Exp_34_300,1,Natural,0.0139819995590687
2,Exp_34_300,2,Natural,0.007802411352831
3,Exp_34_300,3,Natural,0.002431155297783
0,Exp_3_300,0,Natural,0.7524836544314231
1,Exp_3_300,1,Natural,0.0021430085752791
2,Exp_3_300,2,Natural,0.003536418782293
3,Exp_3_300,3,Natural,0.0021664377923087
0,Exp_28_300,0,Natural,0.7616615557717971
1,Exp_28_300,1,Natural,0.0
2,Exp_28_300,2,Natural,0.013016723702177
3,Exp_28_300,3,Natural,0.0004782153325333
0,Exp_14_300,0,Natural,0.7828769708258815
1,Exp_14_300,1,Natural,8.474038720574336e-06
2,Exp_14_300,2,Natural,0.0004792623948852
3,Exp_14_300,3,Natural,0.0037713256351922
0,Exp_30_300,0,Natural,0.8632833318205624
1,Exp_30_300,1,Natural,0.0001689172046286
2,Exp_30_300,2,Natural,4.201370541643128e-05
3,Exp_30_300,3,Natural,0.0244834060060286
0,Exp_5_300,0,Natural,0.8479227648480827
1,Exp_5_300,1,Natural,0.2018063151014525
2,Exp_5_300,2,Natural,0.287848648964682
3,Exp_5_300,3,Natural,0.1712591734491193
0,Exp_25_300,0,Natural,0.8025871750578212
1,Exp_25_300,1,Natural,0.2558126861789107
2,Exp_25_300,2,Natural,0.2002094976969312
3,Exp_25_300,3,Natural,0.1759080309541043
0,Exp_32_300,0,Natural,0.8260866285182025
1,Exp_32_300,1,Natural,0.0001478766450111
2,Exp_32_300,2,Natural,5.862880646537225e-05
3,Exp_32_300,3,Natural,0.0046595860756639
0,Exp_26_300,0,Natural,0.7972849083998701
1,Exp_26_300,1,Natural,7.753079616518521e-05
2,Exp_26_300,2,Natural,0.0007166081041676
3,Exp_26_300,3,Natural,0.0002006256534116
0,Exp_9_300,0,Natural,0.784590660285213
1,Exp_9_300,1,Natural,0.0003513018246896
2,Exp_9_300,2,Natural,0.0208605887662385
3,Exp_9_300,3,Natural,0.0009337178984264
0,Exp_16_300,0,Natural,0.8585920977953452
1,Exp_16_300,1,Natural,0.3717489905551306
2,Exp_16_300,2,Natural,0.002000978627925
3,Exp_16_300,3,Natural,0.0061829544388959
0,Exp_20_300,0,Natural,0.8194882977784932
1,Exp_20_300,1,Natural,1.2220845485713672e-05
2,Exp_20_300,2,Natural,0.0547683613484881
3,Exp_20_300,3,Natural,0.0538886945047887
0,Exp_12_300,0,Natural,0.793181944156322
1,Exp_12_300,1,Natural,0.006705869803466
2,Exp_12_300,2,Natural,0.0019574237229249
3,Exp_12_300,3,Natural,0.0066196935839084
0,Exp_33_300,0,Natural,0.7822072332959761
1,Exp_33_300,1,Natural,0.0
2,Exp_33_300,2,Natural,9.202382433807024e-05
3,Exp_33_300,3,Natural,0.0008126602978931
0,Exp_8_300,0,Natural,0.7488212533744921
1,Exp_8_300,1,Natural,0.0061629232136756
2,Exp_8_300,2,Natural,0.0561255751527592
3,Exp_8_300,3,Natural,0.0509050125091428
0,Exp_10_300,0,Natural,0.8754121749205875
1,Exp_10_300,1,Natural,9.737794932635956e-05
2,Exp_10_300,2,Natural,0.0007986540343571
3,Exp_10_300,3,Natural,0.0008833809470225
0,Exp_21_300,0,Natural,0.7926157124571409
1,Exp_21_300,1,Natural,0.0009083542133314
2,Exp_21_300,2,Natural,0.0001849665510795
3,Exp_21_300,3,Natural,0.0042602359617395
0,Exp_31_300,0,Natural,0.8859346734867081
1,Exp_31_300,1,Natural,0.7690902986851657
2,Exp_31_300,2,Natural,0.3383111812813951
3,Exp_31_300,3,Natural,0.2709989395153903
0,Exp_1_300,0,Natural,0.829688050869592
1,Exp_1_300,1,Natural,0.0095191587455889
2,Exp_1_300,2,Natural,0.0012284106277681
3,Exp_1_300,3,Natural,0.0120448611180769
0,Exp_29_300,0,Natural,0.8086589112355276
1,Exp_29_300,1,Natural,0.0002947811123624
2,Exp_29_300,2,Natural,0.0005543355186623
3,Exp_29_300,3,Natural,0.0009409664589148
0,Exp_13_300,0,Natural,0.7875103861613225
1,Exp_13_300,1,Natural,0.0013593186730898
2,Exp_13_300,2,Natural,0.0004143718680429
3,Exp_13_300,3,Natural,0.0016660266840398
0,Exp_17_300,0,Natural,0.8472390988755688
1,Exp_17_300,1,Natural,0.2603885445679733
2,Exp_17_300,2,Natural,0.0386808586367221
3,Exp_17_300,3,Natural,0.069152788978159
0,Exp_18_300,0,Natural,0.8020668016766014
1,Exp_18_300,1,Natural,5.4371166525083993e-08
2,Exp_18_300,2,Natural,0.0001814456070117
3,Exp_18_300,3,Natural,0.0222025744817834
0,Exp_11_300,0,Natural,0.8261945872372504
1,Exp_11_300,1,Natural,0.0012925633165314
2,Exp_11_300,2,Natural,0.0520529524771853
3,Exp_11_300,3,Natural,0.0543207277901207
0,Exp_23_300,0,Natural,0.8051006482783065
1,Exp_23_300,1,Natural,0.0002548393206426
2,Exp_23_300,2,Natural,0.0006583970595114
3,Exp_23_300,3,Natural,0.0008761985261443
0,Exp_0_300,0,Natural,0.7445224707464102
1,Exp_0_300,1,Natural,0.071985471758604
2,Exp_0_300,2,Natural,0.1319571151588566
3,Exp_0_300,3,Natural,0.0728495327635897
0,Exp_7_300,0,Natural,0.7982376029079291
1,Exp_7_300,1,Natural,2.8717338533623944e-05
2,Exp_7_300,2,Natural,0.006875426723285
3,Exp_7_300,3,Natural,0.006553597637239
0,Exp_24_300,0,Natural,0.8273688319712419
1,Exp_24_300,1,Natural,0.7156858501871681
2,Exp_24_300,2,Natural,4.343761484885674e-05
3,Exp_24_300,3,Natural,0.029392997471293
0,Exp_4_300,0,Natural,0.8439941073659166
1,Exp_4_300,1,Natural,6.961928943585367e-05
2,Exp_4_300,2,Natural,0.0027054623074843
3,Exp_4_300,3,Natural,0.0091030743946307
0,Exp_6_400,0,Natural,0.7737317329994957
1,Exp_6_400,1,Natural,0.000796882970617
2,Exp_6_400,2,Natural,0.0005187525712221
3,Exp_6_400,3,Natural,0.0143715894517191
0,Exp_15_400,0,Natural,0.7786924359780568
1,Exp_15_400,1,Natural,0.0008583173817224
2,Exp_15_400,2,Natural,0.0343933761608394
3,Exp_15_400,3,Natural,0.0350589794129933
0,Exp_22_400,0,Natural,0.840354532720552
1,Exp_22_400,1,Natural,0.1775252982872647
2,Exp_22_400,2,Natural,0.2419476977343728
3,Exp_22_400,3,Natural,0.1991659881079052
0,Exp_19_400,0,Natural,0.7754636087467255
1,Exp_19_400,1,Natural,0.0006224671886421
2,Exp_19_400,2,Natural,7.484909283451692e-05
3,Exp_19_400,3,Natural,0.0024301469338108
0,Exp_2_400,0,Natural,0.7462763424614742
1,Exp_2_400,1,Natural,0.1522329743062232
2,Exp_2_400,2,Natural,0.104413534828806
3,Exp_2_400,3,Natural,0.1397461063465727
0,Exp_27_400,0,Natural,0.827044155443742
1,Exp_27_400,1,Natural,0.6989750103908384
2,Exp_27_400,2,Natural,4.7188991644703285e-05
3,Exp_27_400,3,Natural,0.0854108110577448
0,Exp_34_400,0,Natural,0.8200592660659437
1,Exp_34_400,1,Natural,0.0304882626902715
2,Exp_34_400,2,Natural,0.0657166521348287
3,Exp_34_400,3,Natural,0.0387260243365038
0,Exp_3_400,0,Natural,0.7891619997445019
1,Exp_3_400,1,Natural,0.1436594485869803
2,Exp_3_400,2,Natural,0.003177578389746
3,Exp_3_400,3,Natural,0.0102814713171552
0,Exp_28_400,0,Natural,0.7785299066388541
1,Exp_28_400,1,Natural,0.4138880788208549
2,Exp_28_400,2,Natural,0.0978005713654484
3,Exp_28_400,3,Natural,0.1015042054524058
0,Exp_14_400,0,Natural,0.7974235620924757
1,Exp_14_400,1,Natural,0.49693414704598
2,Exp_14_400,2,Natural,0.2933165880000129
3,Exp_14_400,3,Natural,0.3054062032946224
0,Exp_30_400,0,Natural,0.7460188303303472
1,Exp_30_400,1,Natural,0.0007942400028941
2,Exp_30_400,2,Natural,0.000127299794382
3,Exp_30_400,3,Natural,0.0022382201878677
0,Exp_5_400,0,Natural,0.739068704906614
1,Exp_5_400,1,Natural,0.0292764514873513
2,Exp_5_400,2,Natural,0.0006088269645796
3,Exp_5_400,3,Natural,0.0013494421512466
0,Exp_25_400,0,Natural,0.8358963059755469
1,Exp_25_400,1,Natural,0.0
2,Exp_25_400,2,Natural,0.0006968395615505
3,Exp_25_400,3,Natural,0.0002147682881287
0,Exp_32_400,0,Natural,0.7781717597411741
1,Exp_32_400,1,Natural,0.0011856507853691
2,Exp_32_400,2,Natural,0.0004832062093547
3,Exp_32_400,3,Natural,0.0020513638395407
0,Exp_26_400,0,Natural,0.7263651730738517
1,Exp_26_400,1,Natural,0.0001097119042753
2,Exp_26_400,2,Natural,0.001345670440865
3,Exp_26_400,3,Natural,0.0285842009373215
0,Exp_9_400,0,Natural,0.8267467195292223
1,Exp_9_400,1,Natural,1.780862266333247e-07
2,Exp_9_400,2,Natural,0.002541926144781
3,Exp_9_400,3,Natural,0.0009499204233387
0,Exp_16_400,0,Natural,0.8383526887575209
1,Exp_16_400,1,Natural,0.7112065825020754
2,Exp_16_400,2,Natural,0.0
3,Exp_16_400,3,Natural,0.0178349479306742
0,Exp_20_400,0,Natural,0.8561170911403987
1,Exp_20_400,1,Natural,0.0025729899006701
2,Exp_20_400,2,Natural,0.0005348985424411
3,Exp_20_400,3,Natural,0.0644218843086774
0,Exp_12_400,0,Natural,0.8043403063840334
1,Exp_12_400,1,Natural,0.0005862099871442
2,Exp_12_400,2,Natural,0.0004983351112925
3,Exp_12_400,3,Natural,0.0064354445824497
0,Exp_33_400,0,Natural,0.7429731933567592
1,Exp_33_400,1,Natural,0.0515229500473495
2,Exp_33_400,2,Natural,5.8998830351351956e-08
3,Exp_33_400,3,Natural,0.0030030492152403
0,Exp_8_400,0,Natural,0.7748204783315112
1,Exp_8_400,1,Natural,0.23922618791542
2,Exp_8_400,2,Natural,0.1116421850223371
3,Exp_8_400,3,Natural,0.1451591101007651
0,Exp_10_400,0,Natural,0.7393811526085567
1,Exp_10_400,1,Natural,0.0004145876704322
2,Exp_10_400,2,Natural,0.0005175681251215
3,Exp_10_400,3,Natural,0.0003380776476233
0,Exp_21_400,0,Natural,0.6661925263319906
1,Exp_21_400,1,Natural,0.0005951007814286
2,Exp_21_400,2,Natural,0.0005670833724343
3,Exp_21_400,3,Natural,0.0056718079360772
0,Exp_31_400,0,Natural,0.8084304491281189
1,Exp_31_400,1,Natural,0.0002200915656706
2,Exp_31_400,2,Natural,0.0005232415868663
3,Exp_31_400,3,Natural,0.0015587642216733
0,Exp_1_400,0,Natural,0.7821204532974314
1,Exp_1_400,1,Natural,4.964318869280257e-09
2,Exp_1_400,2,Natural,0.0002823498124591
3,Exp_1_400,3,Natural,0.0004539274456271
0,Exp_29_400,0,Natural,0.8812399787212394
1,Exp_29_400,1,Natural,0.0
2,Exp_29_400,2,Natural,0.0005282468991796
3,Exp_29_400,3,Natural,0.0077174795203777
0,Exp_13_400,0,Natural,0.8634298437776338
1,Exp_13_400,1,Natural,7.332421309645711e-05
2,Exp_13_400,2,Natural,0.000916893316334
3,Exp_13_400,3,Natural,0.0493861146360895
0,Exp_17_400,0,Natural,0.7808431271282092
1,Exp_17_400,1,Natural,0.1972334141637833
2,Exp_17_400,2,Natural,0.0003263623399466
3,Exp_17_400,3,Natural,0.0011669608340957
0,Exp_18_400,0,Natural,0.8610066584788553
1,Exp_18_400,1,Natural,0.6365720084472832
2,Exp_18_400,2,Natural,0.5109378060831204
3,Exp_18_400,3,Natural,0.493386149407171
0,Exp_11_400,0,Natural,0.8293763899235717
1,Exp_11_400,1,Natural,4.677887028329834e-07
2,Exp_11_400,2,Natural,0.0109179888021042
3,Exp_11_400,3,Natural,0.0004309815863091
0,Exp_23_400,0,Natural,0.7907491180521827
1,Exp_23_400,1,Natural,0.4135628775518563
2,Exp_23_400,2,Natural,0.0659237166910259
3,Exp_23_400,3,Natural,0.0611655528784291
0,Exp_0_400,0,Natural,0.8761953542006732
1,Exp_0_400,1,Natural,0.0272037890569183
2,Exp_0_400,2,Natural,0.005911502008184
3,Exp_0_400,3,Natural,0.0005649426954092
0,Exp_7_400,0,Natural,0.807886690241879
1,Exp_7_400,1,Natural,0.0755399666334837
2,Exp_7_400,2,Natural,0.1710075040756364
3,Exp_7_400,3,Natural,0.0458171417027506
0,Exp_24_400,0,Natural,0.8202149421905005
1,Exp_24_400,1,Natural,8.400760890393041e-05
2,Exp_24_400,2,Natural,0.0001837961211388
3,Exp_24_400,3,Natural,0.007476130044607
0,Exp_4_400,0,Natural,0.7950699473434122
1,Exp_4_400,1,Natural,0.0
2,Exp_4_400,2,Natural,0.0001085482045727
3,Exp_4_400,3,Natural,0.0007028758020178
0,Exp_6_500,0,Natural,0.7888315052083567
1,Exp_6_500,1,Natural,0.4189015189019105
2,Exp_6_500,2,Natural,0.1224855446697283
3,Exp_6_500,3,Natural,0.0800796848577473
0,Exp_15_500,0,Natural,0.733763370615034
1,Exp_15_500,1,Natural,0.0642069645130137
2,Exp_15_500,2,Natural,3.839344570223328e-05
3,Exp_15_500,3,Natural,0.0367326856260447
0,Exp_22_500,0,Natural,0.7714690601799314
1,Exp_22_500,1,Natural,0.0002716048516031
2,Exp_22_500,2,Natural,0.0098184502788917
3,Exp_22_500,3,Natural,0.0079690764166389
0,Exp_19_500,0,Natural,0.7461314774368109
1,Exp_19_500,1,Natural,0.6621258205408554
2,Exp_19_500,2,Natural,0.6488873237899945
3,Exp_19_500,3,Natural,0.297348143716324
0,Exp_2_500,0,Natural,0.7934249757636697
1,Exp_2_500,1,Natural,0.0001974953461451
2,Exp_2_500,2,Natural,0.0002236573202938
3,Exp_2_500,3,Natural,0.0004835794333926
0,Exp_27_500,0,Natural,0.8164311620778479
1,Exp_27_500,1,Natural,3.1034039162713255e-05
2,Exp_27_500,2,Natural,0.0010326542009963
3,Exp_27_500,3,Natural,0.0115266161751232
0,Exp_34_500,0,Natural,0.7657939780764863
1,Exp_34_500,1,Natural,0.0007395486288217
2,Exp_34_500,2,Natural,0.0001044462401604
3,Exp_34_500,3,Natural,0.0005259523553048
0,Exp_3_500,0,Natural,0.8440349955484163
1,Exp_3_500,1,Natural,0.7445646038520146
2,Exp_3_500,2,Natural,0.3510291474889702
3,Exp_3_500,3,Natural,0.1513542603586006
0,Exp_28_500,0,Natural,0.8346793406331189
1,Exp_28_500,1,Natural,0.017465592182361
2,Exp_28_500,2,Natural,0.000969766262743
3,Exp_28_500,3,Natural,0.0019861223307754
0,Exp_14_500,0,Natural,0.8296884858473742
1,Exp_14_500,1,Natural,0.6314450259879982
2,Exp_14_500,2,Natural,8.192604306886544e-05
3,Exp_14_500,3,Natural,0.02984141253912
0,Exp_30_500,0,Natural,0.8025605477381464
1,Exp_30_500,1,Natural,0.0050891424748088
2,Exp_30_500,2,Natural,1.252683421813658e-05
3,Exp_30_500,3,Natural,0.0006675357798801
0,Exp_5_500,0,Natural,0.7592115748706014
1,Exp_5_500,1,Natural,0.6659277696502731
2,Exp_5_500,2,Natural,0.1466373175050001
3,Exp_5_500,3,Natural,0.1186609651148249
0,Exp_25_500,0,Natural,0.7129461088725845
1,Exp_25_500,1,Natural,0.0004657609922948
2,Exp_25_500,2,Natural,9.246223262738105e-05
3,Exp_25_500,3,Natural,0.0442781429495155
0,Exp_32_500,0,Natural,0.8434451904695709
1,Exp_32_500,1,Natural,6.893040151153134e-09
2,Exp_32_500,2,Natural,1.1026526881242053e-06
3,Exp_32_500,3,Natural,0.0007747845590073
0,Exp_26_500,0,Natural,0.7593614417929591
1,Exp_26_500,1,Natural,1.0602493992136208e-05
2,Exp_26_500,2,Natural,0.000173557046791
3,Exp_26_500,3,Natural,0.0007000170012164
0,Exp_9_500,0,Natural,0.8541493940733285
1,Exp_9_500,1,Natural,0.1432287208814747
2,Exp_9_500,2,Natural,0.0870301091948907
3,Exp_9_500,3,Natural,0.03663369595471
0,Exp_16_500,0,Natural,0.7888266914631565
1,Exp_16_500,1,Natural,7.070266423561309e-06
2,Exp_16_500,2,Natural,0.0019300830398869
3,Exp_16_500,3,Natural,0.0006777996226188
0,Exp_20_500,0,Natural,0.8737736112429215
1,Exp_20_500,1,Natural,0.0010535762775344
2,Exp_20_500,2,Natural,0.0021567478919643
3,Exp_20_500,3,Natural,0.0657814521963447
0,Exp_12_500,0,Natural,0.7682412418742058
1,Exp_12_500,1,Natural,0.5745431158823651
2,Exp_12_500,2,Natural,0.0011685681556502
3,Exp_12_500,3,Natural,0.0105119541542142
0,Exp_33_500,0,Natural,0.7841126975294357
1,Exp_33_500,1,Natural,0.0009681068478666
2,Exp_33_500,2,Natural,0.000423094978793
3,Exp_33_500,3,Natural,0.000462959255516
0,Exp_8_500,0,Natural,0.7651552534242243
1,Exp_8_500,1,Natural,0.2465351783569278
2,Exp_8_500,2,Natural,0.0845401599868371
3,Exp_8_500,3,Natural,0.040544256991632
0,Exp_10_500,0,Natural,0.8086280944416744
1,Exp_10_500,1,Natural,0.0007079591995387
2,Exp_10_500,2,Natural,0.0006963632487728
3,Exp_10_500,3,Natural,0.0013552640510831
0,Exp_21_500,0,Natural,0.7561909815208374
1,Exp_21_500,1,Natural,0.0002803417615365
2,Exp_21_500,2,Natural,0.0023794213543731
3,Exp_21_500,3,Natural,0.0008615271429587
0,Exp_31_500,0,Natural,0.8218689689504677
1,Exp_31_500,1,Natural,0.0
2,Exp_31_500,2,Natural,7.721744200326011e-05
3,Exp_31_500,3,Natural,0.0016351347017443
0,Exp_1_500,0,Natural,0.8325997924576101
1,Exp_1_500,1,Natural,0.0029910667224359
2,Exp_1_500,2,Natural,0.0093924742125534
3,Exp_1_500,3,Natural,0.0008978362907126
0,Exp_29_500,0,Natural,0.7344088476530882
1,Exp_29_500,1,Natural,0.0040221038096071
2,Exp_29_500,2,Natural,0.0103349313060389
3,Exp_29_500,3,Natural,0.0003977943386258
0,Exp_13_500,0,Natural,0.8576826901057824
1,Exp_13_500,1,Natural,0.2161696832871046
2,Exp_13_500,2,Natural,0.0076998171811486
3,Exp_13_500,3,Natural,0.0103251795805012
0,Exp_17_500,0,Natural,0.7596106536538181
1,Exp_17_500,1,Natural,0.0
2,Exp_17_500,2,Natural,0.0
3,Exp_17_500,3,Natural,0.0006729677374109
0,Exp_18_500,0,Natural,0.7735251483882087
1,Exp_18_500,1,Natural,0.0012764927599465
2,Exp_18_500,2,Natural,0.0003826230781128
3,Exp_18_500,3,Natural,0.0009355860057938
0,Exp_11_500,0,Natural,0.8185636426007724
1,Exp_11_500,1,Natural,0.007233680736103
2,Exp_11_500,2,Natural,0.0007358912530964
3,Exp_11_500,3,Natural,0.0259323992745368
0,Exp_23_500,0,Natural,0.8467992029467042
1,Exp_23_500,1,Natural,2.4699664188057994e-09
2,Exp_23_500,2,Natural,0.0009340845786639
3,Exp_23_500,3,Natural,0.0014597075612172
0,Exp_0_500,0,Natural,0.7688528530583542
1,Exp_0_500,1,Natural,0.0005031652571774
2,Exp_0_500,2,Natural,0.0005155941596613
3,Exp_0_500,3,Natural,0.0006359576140212
0,Exp_7_500,0,Natural,0.7820537081343532
1,Exp_7_500,1,Natural,0.3262477656630562
2,Exp_7_500,2,Natural,0.0044098626507794
3,Exp_7_500,3,Natural,0.0154467113397502
0,Exp_24_500,0,Natural,0.7565075966575096
1,Exp_24_500,1,Natural,0.0027005982142835
2,Exp_24_500,2,Natural,0.0003685516362652
3,Exp_24_500,3,Natural,0.0031651661513649
0,Exp_4_500,0,Natural,0.8048870623583716
1,Exp_4_500,1,Natural,0.0247867094971309
2,Exp_4_500,2,Natural,0.0090280052130122
3,Exp_4_500,3,Natural,0.004461273186713
0,Exp_6_300,0,DBSCAN,0.8268825187195549
1,Exp_6_300,1,DBSCAN,0.0055736819671443
2,Exp_6_300,2,DBSCAN,0.0005217280222474
3,Exp_6_300,3,DBSCAN,0.0008681639592098
0,Exp_15_300,0,DBSCAN,0.7641268747654759
1,Exp_15_300,1,DBSCAN,0.6297100796510637
2,Exp_15_300,2,DBSCAN,0.1865160129503804
3,Exp_15_300,3,DBSCAN,0.3299405881880601
0,Exp_22_300,0,DBSCAN,0.8384094283878508
1,Exp_22_300,1,DBSCAN,0.4001982606354746
2,Exp_22_300,2,DBSCAN,0.0082531259216101
3,Exp_22_300,3,DBSCAN,0.0060091087576144
0,Exp_19_300,0,DBSCAN,0.7436269336324413
1,Exp_19_300,1,DBSCAN,0.4889900939424104
2,Exp_19_300,2,DBSCAN,0.0580849697305438
3,Exp_19_300,3,DBSCAN,0.0453849945706795
0,Exp_2_300,0,DBSCAN,0.8338567310352168
1,Exp_2_300,1,DBSCAN,0.0112252115961846
2,Exp_2_300,2,DBSCAN,0.0009033855233979
3,Exp_2_300,3,DBSCAN,0.0044858191331289
0,Exp_27_300,0,DBSCAN,0.8449612758035249
1,Exp_27_300,1,DBSCAN,0.0850640231753623
2,Exp_27_300,2,DBSCAN,0.0655436094482413
3,Exp_27_300,3,DBSCAN,0.015546819766565
0,Exp_34_300,0,DBSCAN,0.837650001203558
1,Exp_34_300,1,DBSCAN,0.089185556563591
2,Exp_34_300,2,DBSCAN,0.0085620854153893
3,Exp_34_300,3,DBSCAN,0.0063685249250248
0,Exp_3_300,0,DBSCAN,0.7524836544314231
1,Exp_3_300,1,DBSCAN,0.0502596639407697
2,Exp_3_300,2,DBSCAN,0.011205019011334
3,Exp_3_300,3,DBSCAN,0.0045581299352933
0,Exp_28_300,0,DBSCAN,0.7616615557717971
1,Exp_28_300,1,DBSCAN,0.651972096988816
2,Exp_28_300,2,DBSCAN,0.3457310686252808
3,Exp_28_300,3,DBSCAN,0.134304992661274
0,Exp_14_300,0,DBSCAN,0.7828769708258815
1,Exp_14_300,1,DBSCAN,0.1176073970063084
2,Exp_14_300,2,DBSCAN,0.0770242150526698
3,Exp_14_300,3,DBSCAN,0.0759019398816323
0,Exp_30_300,0,DBSCAN,0.8632833318205624
1,Exp_30_300,1,DBSCAN,0.0184663652391369
2,Exp_30_300,2,DBSCAN,0.0004315491206098
3,Exp_30_300,3,DBSCAN,0.0001475910771498
0,Exp_5_300,0,DBSCAN,0.8479227648480827
1,Exp_5_300,1,DBSCAN,0.0321185328123532
2,Exp_5_300,2,DBSCAN,0.0200598316930096
3,Exp_5_300,3,DBSCAN,0.0097089468116862
0,Exp_25_300,0,DBSCAN,0.8025871750578212
1,Exp_25_300,1,DBSCAN,0.2507545092001241
2,Exp_25_300,2,DBSCAN,0.0318688723264532
3,Exp_25_300,3,DBSCAN,0.0128183695223982
0,Exp_32_300,0,DBSCAN,0.8260866285182025
1,Exp_32_300,1,DBSCAN,0.0250424543818257
2,Exp_32_300,2,DBSCAN,0.0017180643150371
3,Exp_32_300,3,DBSCAN,0.0032690115300973
0,Exp_26_300,0,DBSCAN,0.7972849083998701
1,Exp_26_300,1,DBSCAN,0.3056289768097797
2,Exp_26_300,2,DBSCAN,0.0523530730111355
3,Exp_26_300,3,DBSCAN,0.0161247467631256
0,Exp_9_300,0,DBSCAN,0.784590660285213
1,Exp_9_300,1,DBSCAN,0.0563971098863553
2,Exp_9_300,2,DBSCAN,0.0342172982593111
3,Exp_9_300,3,DBSCAN,0.0405731999989652
0,Exp_16_300,0,DBSCAN,0.8585920977953452
1,Exp_16_300,1,DBSCAN,0.0157786595219012
2,Exp_16_300,2,DBSCAN,0.0003200627948504
3,Exp_16_300,3,DBSCAN,1.728030084099827e-05
0,Exp_20_300,0,DBSCAN,0.8194882977784932
1,Exp_20_300,1,DBSCAN,0.8149261554203522
2,Exp_20_300,2,DBSCAN,0.1010973416141243
3,Exp_20_300,3,DBSCAN,0.0188439462263973
0,Exp_12_300,0,DBSCAN,0.793181944156322
1,Exp_12_300,1,DBSCAN,0.0786153569199078
2,Exp_12_300,2,DBSCAN,0.0011869894045364
3,Exp_12_300,3,DBSCAN,0.0001777599016307
0,Exp_33_300,0,DBSCAN,0.7822072332959761
1,Exp_33_300,1,DBSCAN,0.511342664355761
2,Exp_33_300,2,DBSCAN,0.4430398554427777
3,Exp_33_300,3,DBSCAN,0.0713508413620554
0,Exp_8_300,0,DBSCAN,0.7488212533744921
1,Exp_8_300,1,DBSCAN,0.0300290718214149
2,Exp_8_300,2,DBSCAN,0.0003758112999364
3,Exp_8_300,3,DBSCAN,1.3739650644955187e-05
0,Exp_10_300,0,DBSCAN,0.8754121749205875
1,Exp_10_300,1,DBSCAN,0.0367579593192326
2,Exp_10_300,2,DBSCAN,0.0012981587290911
3,Exp_10_300,3,DBSCAN,0.0007081410283493
0,Exp_21_300,0,DBSCAN,0.7926157124571409
1,Exp_21_300,1,DBSCAN,0.7035801919705895
2,Exp_21_300,2,DBSCAN,0.130562880751875
3,Exp_21_300,3,DBSCAN,0.1123122244213697
0,Exp_31_300,0,DBSCAN,0.8859346734867081
1,Exp_31_300,1,DBSCAN,0.0085920657546429
2,Exp_31_300,2,DBSCAN,0.0145724108656961
3,Exp_31_300,3,DBSCAN,0.0021410637015025
0,Exp_1_300,0,DBSCAN,0.829688050869592
1,Exp_1_300,1,DBSCAN,0.2441650684024854
2,Exp_1_300,2,DBSCAN,0.0064491223436266
3,Exp_1_300,3,DBSCAN,0.0002365410398486
0,Exp_29_300,0,DBSCAN,0.8086589112355276
1,Exp_29_300,1,DBSCAN,0.0918617244104829
2,Exp_29_300,2,DBSCAN,0.0016971963444305
3,Exp_29_300,3,DBSCAN,0.0001722590555076
0,Exp_13_300,0,DBSCAN,0.7875103861613225
1,Exp_13_300,1,DBSCAN,0.0123370061311451
2,Exp_13_300,2,DBSCAN,0.0010441448250692
3,Exp_13_300,3,DBSCAN,0.0061958653083564
0,Exp_17_300,0,DBSCAN,0.8472390988755688
1,Exp_17_300,1,DBSCAN,0.0242914131566709
2,Exp_17_300,2,DBSCAN,0.0436144233862634
3,Exp_17_300,3,DBSCAN,0.0049678762606964
0,Exp_18_300,0,DBSCAN,0.8020668016766014
1,Exp_18_300,1,DBSCAN,0.0974149518155267
2,Exp_18_300,2,DBSCAN,0.0180105798624104
3,Exp_18_300,3,DBSCAN,0.0101192513182046
0,Exp_11_300,0,DBSCAN,0.8261945872372504
1,Exp_11_300,1,DBSCAN,0.0386521608678955
2,Exp_11_300,2,DBSCAN,0.0057479470489731
3,Exp_11_300,3,DBSCAN,0.0065525512022066
0,Exp_23_300,0,DBSCAN,0.8051006482783065
1,Exp_23_300,1,DBSCAN,0.7153970868514579
2,Exp_23_300,2,DBSCAN,0.0839822360557018
3,Exp_23_300,3,DBSCAN,0.10762389607372
0,Exp_0_300,0,DBSCAN,0.7445224707464102
1,Exp_0_300,1,DBSCAN,0.1579084728278006
2,Exp_0_300,2,DBSCAN,0.0137192350827254
3,Exp_0_300,3,DBSCAN,0.0091122497116503
0,Exp_7_300,0,DBSCAN,0.7982376029079291
1,Exp_7_300,1,DBSCAN,0.0432344406270192
2,Exp_7_300,2,DBSCAN,0.0030463384956236
3,Exp_7_300,3,DBSCAN,0.0056661951393142
0,Exp_24_300,0,DBSCAN,0.8273688319712419
1,Exp_24_300,1,DBSCAN,0.0376818430785272
2,Exp_24_300,2,DBSCAN,0.1192331680023617
3,Exp_24_300,3,DBSCAN,0.0034574077192279
0,Exp_4_300,0,DBSCAN,0.8439941073659166
1,Exp_4_300,1,DBSCAN,0.5459027269929783
2,Exp_4_300,2,DBSCAN,0.1191493056366381
3,Exp_4_300,3,DBSCAN,0.0695717526061194
0,Exp_6_400,0,DBSCAN,0.7737317329994957
1,Exp_6_400,1,DBSCAN,0.2011672297276606
2,Exp_6_400,2,DBSCAN,0.0175778814511219
3,Exp_6_400,3,DBSCAN,0.0169993327397287
0,Exp_15_400,0,DBSCAN,0.7786924359780568
1,Exp_15_400,1,DBSCAN,0.0330132068720395
2,Exp_15_400,2,DBSCAN,0.0021742907195644
3,Exp_15_400,3,DBSCAN,0.0009640371472849
0,Exp_22_400,0,DBSCAN,0.840354532720552
1,Exp_22_400,1,DBSCAN,0.2342090280231591
2,Exp_22_400,2,DBSCAN,0.0195416507936748
3,Exp_22_400,3,DBSCAN,0.0179023995003794
0,Exp_19_400,0,DBSCAN,0.7754636087467255
1,Exp_19_400,1,DBSCAN,0.0877415518860567
2,Exp_19_400,2,DBSCAN,0.1338431108288345
3,Exp_19_400,3,DBSCAN,0.0240935034448761
0,Exp_2_400,0,DBSCAN,0.7462763424614742
1,Exp_2_400,1,DBSCAN,0.0308044732500047
2,Exp_2_400,2,DBSCAN,0.0146933377090695
3,Exp_2_400,3,DBSCAN,0.0052129852463679
0,Exp_27_400,0,DBSCAN,0.827044155443742
1,Exp_27_400,1,DBSCAN,0.1023471666058335
2,Exp_27_400,2,DBSCAN,0.0028628587131595
3,Exp_27_400,3,DBSCAN,0.0013300122323806
0,Exp_34_400,0,DBSCAN,0.8200592660659437
1,Exp_34_400,1,DBSCAN,0.2276505062430116
2,Exp_34_400,2,DBSCAN,0.1689992845646465
3,Exp_34_400,3,DBSCAN,0.0439330518410178
0,Exp_3_400,0,DBSCAN,0.7891619997445019
1,Exp_3_400,1,DBSCAN,0.0086103064414343
2,Exp_3_400,2,DBSCAN,0.0003045164941449
3,Exp_3_400,3,DBSCAN,0.0007937708865807
0,Exp_28_400,0,DBSCAN,0.7785299066388541
1,Exp_28_400,1,DBSCAN,0.0114266312710843
2,Exp_28_400,2,DBSCAN,0.0006771916793062
3,Exp_28_400,3,DBSCAN,0.0059100060315113
0,Exp_14_400,0,DBSCAN,0.7974235620924757
1,Exp_14_400,1,DBSCAN,0.038031408087504
2,Exp_14_400,2,DBSCAN,0.1484786256038289
3,Exp_14_400,3,DBSCAN,0.1729579231086272
0,Exp_30_400,0,DBSCAN,0.7460188303303472
1,Exp_30_400,1,DBSCAN,0.7900530218168085
2,Exp_30_400,2,DBSCAN,0.0675267601948678
3,Exp_30_400,3,DBSCAN,0.0165690745535172
0,Exp_5_400,0,DBSCAN,0.739068704906614
1,Exp_5_400,1,DBSCAN,0.152752470535412
2,Exp_5_400,2,DBSCAN,0.1154454373183899
3,Exp_5_400,3,DBSCAN,0.0502361162175738
0,Exp_25_400,0,DBSCAN,0.8358963059755469
1,Exp_25_400,1,DBSCAN,0.0225815593970938
2,Exp_25_400,2,DBSCAN,0.0687663998717687
3,Exp_25_400,3,DBSCAN,0.063600112080972
0,Exp_32_400,0,DBSCAN,0.7781717597411741
1,Exp_32_400,1,DBSCAN,0.015589627107339
2,Exp_32_400,2,DBSCAN,0.0014459475780081
3,Exp_32_400,3,DBSCAN,0.0009514350848691
0,Exp_26_400,0,DBSCAN,0.7263651730738517
1,Exp_26_400,1,DBSCAN,0.0129726633554351
2,Exp_26_400,2,DBSCAN,0.0007865903818406
3,Exp_26_400,3,DBSCAN,0.0036283962247677
0,Exp_9_400,0,DBSCAN,0.8267467195292223
1,Exp_9_400,1,DBSCAN,0.5231454342221652
2,Exp_9_400,2,DBSCAN,0.1716915257999803
3,Exp_9_400,3,DBSCAN,0.1074729455467177
0,Exp_16_400,0,DBSCAN,0.8383526887575209
1,Exp_16_400,1,DBSCAN,0.043930690255605
2,Exp_16_400,2,DBSCAN,0.0342345218586677
3,Exp_16_400,3,DBSCAN,0.0206172734607085
0,Exp_20_400,0,DBSCAN,0.8561170911403987
1,Exp_20_400,1,DBSCAN,0.3854816970376611
2,Exp_20_400,2,DBSCAN,0.519230987443843
3,Exp_20_400,3,DBSCAN,0.195262095878262
0,Exp_12_400,0,DBSCAN,0.8043403063840334
1,Exp_12_400,1,DBSCAN,0.5851305385992667
2,Exp_12_400,2,DBSCAN,0.1508541958770214
3,Exp_12_400,3,DBSCAN,0.0209299094387521
0,Exp_33_400,0,DBSCAN,0.7429731933567592
1,Exp_33_400,1,DBSCAN,0.2279257911965596
2,Exp_33_400,2,DBSCAN,0.0298035837499893
3,Exp_33_400,3,DBSCAN,0.0382514177098746
0,Exp_8_400,0,DBSCAN,0.7748204783315112
1,Exp_8_400,1,DBSCAN,0.0221267587664107
2,Exp_8_400,2,DBSCAN,0.0247419905666376
3,Exp_8_400,3,DBSCAN,0.0059578060827048
0,Exp_10_400,0,DBSCAN,0.7393811526085567
1,Exp_10_400,1,DBSCAN,0.6332508809001978
2,Exp_10_400,2,DBSCAN,0.014546585611915
3,Exp_10_400,3,DBSCAN,0.0006244364750443
0,Exp_21_400,0,DBSCAN,0.6661925263319906
1,Exp_21_400,1,DBSCAN,0.0315075076274693
2,Exp_21_400,2,DBSCAN,0.0044755393748622
3,Exp_21_400,3,DBSCAN,0.0063098367707679
0,Exp_31_400,0,DBSCAN,0.8084304491281189
1,Exp_31_400,1,DBSCAN,0.0449193663619773
2,Exp_31_400,2,DBSCAN,0.0129623368131811
3,Exp_31_400,3,DBSCAN,0.0050348039955019
0,Exp_1_400,0,DBSCAN,0.7821204532974314
1,Exp_1_400,1,DBSCAN,0.6826972678911922
2,Exp_1_400,2,DBSCAN,0.0241286719831535
3,Exp_1_400,3,DBSCAN,0.0216194786065405
0,Exp_29_400,0,DBSCAN,0.8812399787212394
1,Exp_29_400,1,DBSCAN,0.0255323169304882
2,Exp_29_400,2,DBSCAN,0.0158164108763025
3,Exp_29_400,3,DBSCAN,0.0122222359123819
0,Exp_13_400,0,DBSCAN,0.8634298437776338
1,Exp_13_400,1,DBSCAN,0.0543236639023663
2,Exp_13_400,2,DBSCAN,0.0914353857336165
3,Exp_13_400,3,DBSCAN,0.0300504438059594
0,Exp_17_400,0,DBSCAN,0.7808431271282092
1,Exp_17_400,1,DBSCAN,0.0157935162585733
2,Exp_17_400,2,DBSCAN,0.0297548881010839
3,Exp_17_400,3,DBSCAN,0.0094076391657399
0,Exp_18_400,0,DBSCAN,0.8610066584788553
1,Exp_18_400,1,DBSCAN,0.1006676290634898
2,Exp_18_400,2,DBSCAN,0.079823469492435
3,Exp_18_400,3,DBSCAN,0.02895615039545
0,Exp_11_400,0,DBSCAN,0.8293763899235717
1,Exp_11_400,1,DBSCAN,0.088804314729847
2,Exp_11_400,2,DBSCAN,0.0906770071503245
3,Exp_11_400,3,DBSCAN,0.0100343366525653
0,Exp_23_400,0,DBSCAN,0.7907491180521827
1,Exp_23_400,1,DBSCAN,0.0067672994647923
2,Exp_23_400,2,DBSCAN,0.0002899834203337
3,Exp_23_400,3,DBSCAN,0.0003424355925563
0,Exp_0_400,0,DBSCAN,0.8761953542006732
1,Exp_0_400,1,DBSCAN,0.0236495546885104
2,Exp_0_400,2,DBSCAN,0.0032748751007935
3,Exp_0_400,3,DBSCAN,0.0045284001201813
0,Exp_7_400,0,DBSCAN,0.807886690241879
1,Exp_7_400,1,DBSCAN,0.0400863152713662
2,Exp_7_400,2,DBSCAN,0.0065984805806149
3,Exp_7_400,3,DBSCAN,0.0055843702632092
0,Exp_24_400,0,DBSCAN,0.8202149421905005
1,Exp_24_400,1,DBSCAN,0.7183260819614229
2,Exp_24_400,2,DBSCAN,0.077885675328236
3,Exp_24_400,3,DBSCAN,0.0274922781192117
0,Exp_4_400,0,DBSCAN,0.7950699473434122
1,Exp_4_400,1,DBSCAN,0.1190375304518452
2,Exp_4_400,2,DBSCAN,0.0065873170063155
3,Exp_4_400,3,DBSCAN,0.0055663035257829
0,Exp_6_500,0,DBSCAN,0.7888315052083567
1,Exp_6_500,1,DBSCAN,0.0196420221029942
2,Exp_6_500,2,DBSCAN,0.0007385902310187
3,Exp_6_500,3,DBSCAN,0.0002432036223066
0,Exp_15_500,0,DBSCAN,0.733763370615034
1,Exp_15_500,1,DBSCAN,0.0154153451134371
2,Exp_15_500,2,DBSCAN,0.0006418823176636
3,Exp_15_500,3,DBSCAN,0.0004047848420852
0,Exp_22_500,0,DBSCAN,0.7714690601799314
1,Exp_22_500,1,DBSCAN,0.4428207557642667
2,Exp_22_500,2,DBSCAN,0.017849579260647
3,Exp_22_500,3,DBSCAN,0.0018670404044941
0,Exp_19_500,0,DBSCAN,0.7461314774368109
1,Exp_19_500,1,DBSCAN,0.0141544576918653
2,Exp_19_500,2,DBSCAN,0.0039797984007787
3,Exp_19_500,3,DBSCAN,0.0092790522209586
0,Exp_2_500,0,DBSCAN,0.7934249757636697
1,Exp_2_500,1,DBSCAN,0.3045326794513913
2,Exp_2_500,2,DBSCAN,0.0731216523222292
3,Exp_2_500,3,DBSCAN,0.0618112086543473
0,Exp_27_500,0,DBSCAN,0.8164311620778479
1,Exp_27_500,1,DBSCAN,0.0138550026559431
2,Exp_27_500,2,DBSCAN,0.0011574322061944
3,Exp_27_500,3,DBSCAN,0.0017690082270024
0,Exp_34_500,0,DBSCAN,0.7657939780764863
1,Exp_34_500,1,DBSCAN,0.7698410972754568
2,Exp_34_500,2,DBSCAN,0.0441470055636747
3,Exp_34_500,3,DBSCAN,0.0326851028467878
0,Exp_3_500,0,DBSCAN,0.8440349955484163
1,Exp_3_500,1,DBSCAN,6.552913624734837e-05
2,Exp_3_500,2,DBSCAN,0.0324692937109457
3,Exp_3_500,3,DBSCAN,0.0179001076271958
0,Exp_28_500,0,DBSCAN,0.8346793406331189
1,Exp_28_500,1,DBSCAN,0.2373447177642611
2,Exp_28_500,2,DBSCAN,0.1517844446794602
3,Exp_28_500,3,DBSCAN,0.2837157831025776
0,Exp_14_500,0,DBSCAN,0.8296884858473742
1,Exp_14_500,1,DBSCAN,0.0335579338174918
2,Exp_14_500,2,DBSCAN,0.097726804427492
3,Exp_14_500,3,DBSCAN,0.0679986585634672
0,Exp_30_500,0,DBSCAN,0.8025605477381464
1,Exp_30_500,1,DBSCAN,0.1110965238490948
2,Exp_30_500,2,DBSCAN,0.2230524420987364
3,Exp_30_500,3,DBSCAN,0.0848437836775295
0,Exp_5_500,0,DBSCAN,0.7592115748706014
1,Exp_5_500,1,DBSCAN,0.0257691292677134
2,Exp_5_500,2,DBSCAN,0.0291149669979305
3,Exp_5_500,3,DBSCAN,0.007243009898711
0,Exp_25_500,0,DBSCAN,0.7129461088725845
1,Exp_25_500,1,DBSCAN,0.2937669284593672
2,Exp_25_500,2,DBSCAN,0.0158301888807605
3,Exp_25_500,3,DBSCAN,0.0052305990560844
0,Exp_32_500,0,DBSCAN,0.8434451904695709
1,Exp_32_500,1,DBSCAN,0.2894668463673731
2,Exp_32_500,2,DBSCAN,0.1017277417339251
3,Exp_32_500,3,DBSCAN,0.0215820472664015
0,Exp_26_500,0,DBSCAN,0.7593614417929591
1,Exp_26_500,1,DBSCAN,0.0728719644932228
2,Exp_26_500,2,DBSCAN,0.0767088199183042
3,Exp_26_500,3,DBSCAN,0.0208288205358734
0,Exp_9_500,0,DBSCAN,0.8541493940733285
1,Exp_9_500,1,DBSCAN,0.02750637607499
2,Exp_9_500,2,DBSCAN,0.0004871741587819
3,Exp_9_500,3,DBSCAN,2.1296192611051177e-05
0,Exp_16_500,0,DBSCAN,0.7888266914631565
1,Exp_16_500,1,DBSCAN,0.612568602140261
2,Exp_16_500,2,DBSCAN,0.1307371608740744
3,Exp_16_500,3,DBSCAN,0.0294008744521142
0,Exp_20_500,0,DBSCAN,0.8737736112429215
1,Exp_20_500,1,DBSCAN,0.0209219373881229
2,Exp_20_500,2,DBSCAN,0.0011068660330158
3,Exp_20_500,3,DBSCAN,0.0012979913005659
0,Exp_12_500,0,DBSCAN,0.7682412418742058
1,Exp_12_500,1,DBSCAN,0.030615410247795
2,Exp_12_500,2,DBSCAN,0.0726856223237232
3,Exp_12_500,3,DBSCAN,0.009261424723011
0,Exp_33_500,0,DBSCAN,0.7841126975294357
1,Exp_33_500,1,DBSCAN,0.7160539199618327
2,Exp_33_500,2,DBSCAN,0.2529464165807487
3,Exp_33_500,3,DBSCAN,0.0583119842152193
0,Exp_8_500,0,DBSCAN,0.7651552534242243
1,Exp_8_500,1,DBSCAN,0.0472325183015732
2,Exp_8_500,2,DBSCAN,0.0665184101855116
3,Exp_8_500,3,DBSCAN,0.0111201400356104
0,Exp_10_500,0,DBSCAN,0.8086280944416744
1,Exp_10_500,1,DBSCAN,0.0135375390823586
2,Exp_10_500,2,DBSCAN,0.0012592195229367
3,Exp_10_500,3,DBSCAN,0.0021787099577898
0,Exp_21_500,0,DBSCAN,0.7561909815208374
1,Exp_21_500,1,DBSCAN,0.444926933722174
2,Exp_21_500,2,DBSCAN,0.1077850781087016
3,Exp_21_500,3,DBSCAN,0.0969835103040832
0,Exp_31_500,0,DBSCAN,0.8218689689504677
1,Exp_31_500,1,DBSCAN,0.1405216935569005
2,Exp_31_500,2,DBSCAN,0.0398426617860397
3,Exp_31_500,3,DBSCAN,0.0068085942190547
0,Exp_1_500,0,DBSCAN,0.8325997924576101
1,Exp_1_500,1,DBSCAN,0.0067232745694628
2,Exp_1_500,2,DBSCAN,0.0002688590396234
3,Exp_1_500,3,DBSCAN,0.0004736048402465
0,Exp_29_500,0,DBSCAN,0.7344088476530882
1,Exp_29_500,1,DBSCAN,0.1101103424768322
2,Exp_29_500,2,DBSCAN,0.0994523293237868
3,Exp_29_500,3,DBSCAN,0.0893425381683712
0,Exp_13_500,0,DBSCAN,0.8576826901057824
1,Exp_13_500,1,DBSCAN,0.0261035399588019
2,Exp_13_500,2,DBSCAN,0.0004554236839046
3,Exp_13_500,3,DBSCAN,0.0003257678264707
0,Exp_17_500,0,DBSCAN,0.7596106536538181
1,Exp_17_500,1,DBSCAN,0.6903951079353572
2,Exp_17_500,2,DBSCAN,0.618332134328169
3,Exp_17_500,3,DBSCAN,0.347071758445971
0,Exp_18_500,0,DBSCAN,0.7735251483882087
1,Exp_18_500,1,DBSCAN,0.0221022704520426
2,Exp_18_500,2,DBSCAN,0.0069734899220451
3,Exp_18_500,3,DBSCAN,0.0080686200995642
0,Exp_11_500,0,DBSCAN,0.8185636426007724
1,Exp_11_500,1,DBSCAN,0.0067749394327193
2,Exp_11_500,2,DBSCAN,0.0001326975140628
3,Exp_11_500,3,DBSCAN,7.528570508075091e-05
0,Exp_23_500,0,DBSCAN,0.8467992029467042
1,Exp_23_500,1,DBSCAN,0.3717819144158352
2,Exp_23_500,2,DBSCAN,0.0084231654060137
3,Exp_23_500,3,DBSCAN,0.0004175602445296
0,Exp_0_500,0,DBSCAN,0.7688528530583542
1,Exp_0_500,1,DBSCAN,0.0403224841031827
2,Exp_0_500,2,DBSCAN,0.0004277631709797
3,Exp_0_500,3,DBSCAN,1.291091951251808e-05
0,Exp_7_500,0,DBSCAN,0.7820537081343532
1,Exp_7_500,1,DBSCAN,0.0169938634205909
2,Exp_7_500,2,DBSCAN,0.0120392806737166
3,Exp_7_500,3,DBSCAN,0.0043524898252616
0,Exp_24_500,0,DBSCAN,0.7565075966575096
1,Exp_24_500,1,DBSCAN,0.1523748454210868
2,Exp_24_500,2,DBSCAN,0.0123639609129602
3,Exp_24_500,3,DBSCAN,0.0042476597775793
0,Exp_4_500,0,DBSCAN,0.8048870623583716
1,Exp_4_500,1,DBSCAN,0.0328716207960522
2,Exp_4_500,2,DBSCAN,0.0027286436469348
3,Exp_4_500,3,DBSCAN,0.0004173619584174
0,Exp_6_300,0,OPTICS,0.8268825187195549
1,Exp_6_300,1,OPTICS,6.452282078621412e-06
2,Exp_6_300,2,OPTICS,1.2725063903555486e-05
3,Exp_6_300,3,OPTICS,2.1020154948120143e-05
0,Exp_15_300,0,OPTICS,0.7641268747654759
1,Exp_15_300,1,OPTICS,9.4737478282962e-07
2,Exp_15_300,2,OPTICS,9.2186315545288e-06
3,Exp_15_300,3,OPTICS,1.5126901690238338e-05
0,Exp_22_300,0,OPTICS,0.8384094283878508
1,Exp_22_300,1,OPTICS,7.483980801137956e-08
2,Exp_22_300,2,OPTICS,5.620104478377759e-06
3,Exp_22_300,3,OPTICS,1.2289113840171683e-05
0,Exp_19_300,0,OPTICS,0.7436269336324413
1,Exp_19_300,1,OPTICS,3.957673658173589e-06
2,Exp_19_300,2,OPTICS,1.3987428594174426e-06
3,Exp_19_300,3,OPTICS,9.857399595338168e-06
0,Exp_2_300,0,OPTICS,0.8338567310352168
1,Exp_2_300,1,OPTICS,4.673154938456414e-07
2,Exp_2_300,2,OPTICS,4.768491034454736e-06
3,Exp_2_300,3,OPTICS,1.5185027855586982e-05
0,Exp_27_300,0,OPTICS,0.8449612758035249
1,Exp_27_300,1,OPTICS,1.1596621580334226e-05
2,Exp_27_300,2,OPTICS,6.070831933061496e-06
3,Exp_27_300,3,OPTICS,1.2008279154780056e-05
0,Exp_34_300,0,OPTICS,0.837650001203558
1,Exp_34_300,1,OPTICS,1.4686274402184865e-06
2,Exp_34_300,2,OPTICS,2.032802721363004e-05
3,Exp_34_300,3,OPTICS,3.656578487542756e-05
0,Exp_3_300,0,OPTICS,0.7524836544314231
1,Exp_3_300,1,OPTICS,7.107688608627881e-07
2,Exp_3_300,2,OPTICS,2.067819672527444e-05
3,Exp_3_300,3,OPTICS,3.730360744836816e-05
0,Exp_28_300,0,OPTICS,0.7616615557717971
1,Exp_28_300,1,OPTICS,2.3682931939730366e-07
2,Exp_28_300,2,OPTICS,1.2429743617782807e-05
3,Exp_28_300,3,OPTICS,3.0305787527861658e-05
0,Exp_14_300,0,OPTICS,0.7828769708258815
1,Exp_14_300,1,OPTICS,8.558452859913048e-07
2,Exp_14_300,2,OPTICS,1.4663507689297928e-05
3,Exp_14_300,3,OPTICS,4.687188237493058e-05
0,Exp_30_300,0,OPTICS,0.8632833318205624
1,Exp_30_300,1,OPTICS,6.934944698221892e-06
2,Exp_30_300,2,OPTICS,1.4127241354309018e-05
3,Exp_30_300,3,OPTICS,2.279425382031896e-05
0,Exp_5_300,0,OPTICS,0.8479227648480827
1,Exp_5_300,1,OPTICS,6.463473521548899e-05
2,Exp_5_300,2,OPTICS,1.231409116277227e-05
3,Exp_5_300,3,OPTICS,3.692406786885863e-05
0,Exp_25_300,0,OPTICS,0.8025871750578212
1,Exp_25_300,1,OPTICS,1.4348550647647728e-06
2,Exp_25_300,2,OPTICS,2.8563880535770723e-05
3,Exp_25_300,3,OPTICS,2.107947856666724e-05
0,Exp_32_300,0,OPTICS,0.8260866285182025
1,Exp_32_300,1,OPTICS,4.480740066652589e-06
2,Exp_32_300,2,OPTICS,8.504112483943831e-06
3,Exp_32_300,3,OPTICS,4.70277077942815e-05
0,Exp_26_300,0,OPTICS,0.7972849083998701
1,Exp_26_300,1,OPTICS,3.567463435007165e-07
2,Exp_26_300,2,OPTICS,3.51255282496902e-06
3,Exp_26_300,3,OPTICS,3.0970986335868364e-05
0,Exp_9_300,0,OPTICS,0.784590660285213
1,Exp_9_300,1,OPTICS,6.480286471007608e-06
2,Exp_9_300,2,OPTICS,2.3380054344903757e-05
3,Exp_9_300,3,OPTICS,2.229899731397044e-05
0,Exp_16_300,0,OPTICS,0.8585920977953452
1,Exp_16_300,1,OPTICS,9.603664411883598e-06
2,Exp_16_300,2,OPTICS,1.0507798856560722e-05
3,Exp_16_300,3,OPTICS,1.8624622502849103e-05
0,Exp_20_300,0,OPTICS,0.8194882977784932
1,Exp_20_300,1,OPTICS,3.495413225295357e-07
2,Exp_20_300,2,OPTICS,5.321860569350579e-06
3,Exp_20_300,3,OPTICS,2.6068790031133705e-05
0,Exp_12_300,0,OPTICS,0.793181944156322
1,Exp_12_300,1,OPTICS,4.467736652778671e-06
2,Exp_12_300,2,OPTICS,5.918563591904666e-06
3,Exp_12_300,3,OPTICS,2.5086764213187124e-05
0,Exp_33_300,0,OPTICS,0.7822072332959761
1,Exp_33_300,1,OPTICS,6.611340607749464e-08
2,Exp_33_300,2,OPTICS,2.2504359191000257e-06
3,Exp_33_300,3,OPTICS,0.0001045190964756
0,Exp_8_300,0,OPTICS,0.7488212533744921
1,Exp_8_300,1,OPTICS,9.545240940783307e-07
2,Exp_8_300,2,OPTICS,1.8497932064831186e-05
3,Exp_8_300,3,OPTICS,2.3169507147091867e-05
0,Exp_10_300,0,OPTICS,0.8754121749205875
1,Exp_10_300,1,OPTICS,2.583773887056945e-06
2,Exp_10_300,2,OPTICS,6.124971904565252e-06
3,Exp_10_300,3,OPTICS,2.346293484886809e-05
0,Exp_21_300,0,OPTICS,0.7926157124571409
1,Exp_21_300,1,OPTICS,3.500066705648905e-09
2,Exp_21_300,2,OPTICS,2.879459101515688e-05
3,Exp_21_300,3,OPTICS,1.2153555096728667e-05
0,Exp_31_300,0,OPTICS,0.8859346734867081
1,Exp_31_300,1,OPTICS,8.140330852986814e-06
2,Exp_31_300,2,OPTICS,6.713032807378271e-06
3,Exp_31_300,3,OPTICS,3.622807413235804e-05
0,Exp_1_300,0,OPTICS,0.829688050869592
1,Exp_1_300,1,OPTICS,3.523237738733868e-06
2,Exp_1_300,2,OPTICS,6.154325283802611e-05
3,Exp_1_300,3,OPTICS,3.203167284688926e-06
0,Exp_29_300,0,OPTICS,0.8086589112355276
1,Exp_29_300,1,OPTICS,1.3218261074628228e-06
2,Exp_29_300,2,OPTICS,2.6527536676423163e-05
3,Exp_29_300,3,OPTICS,1.96049270615828e-05
0,Exp_13_300,0,OPTICS,0.7875103861613225
1,Exp_13_300,1,OPTICS,9.263077219768266e-06
2,Exp_13_300,2,OPTICS,2.707581362649537e-06
3,Exp_13_300,3,OPTICS,1.7334454949376746e-05
0,Exp_17_300,0,OPTICS,0.8472390988755688
1,Exp_17_300,1,OPTICS,3.228847085760507e-06
2,Exp_17_300,2,OPTICS,7.749871893678632e-06
3,Exp_17_300,3,OPTICS,3.58201587659214e-05
0,Exp_18_300,0,OPTICS,0.8020668016766014
1,Exp_18_300,1,OPTICS,8.354220455901405e-06
2,Exp_18_300,2,OPTICS,1.144178452139642e-05
3,Exp_18_300,3,OPTICS,2.0107780513900933e-05
0,Exp_11_300,0,OPTICS,0.8261945872372504
1,Exp_11_300,1,OPTICS,6.108675105906678e-07
2,Exp_11_300,2,OPTICS,1.217064099152563e-05
3,Exp_11_300,3,OPTICS,1.6720271736837925e-05
0,Exp_23_300,0,OPTICS,0.8051006482783065
1,Exp_23_300,1,OPTICS,8.285847742669811e-07
2,Exp_23_300,2,OPTICS,2.4542087867097638e-05
3,Exp_23_300,3,OPTICS,1.3005551744935105e-05
0,Exp_0_300,0,OPTICS,0.7445224707464102
1,Exp_0_300,1,OPTICS,4.7268807089297655e-06
2,Exp_0_300,2,OPTICS,2.378233258823049e-05
3,Exp_0_300,3,OPTICS,2.744317209467617e-05
0,Exp_7_300,0,OPTICS,0.7982376029079291
1,Exp_7_300,1,OPTICS,1.3165339800159486e-06
2,Exp_7_300,2,OPTICS,2.4175886411125967e-06
3,Exp_7_300,3,OPTICS,2.219490741569156e-05
0,Exp_24_300,0,OPTICS,0.8273688319712419
1,Exp_24_300,1,OPTICS,1.8780767450173096e-06
2,Exp_24_300,2,OPTICS,2.637751940561353e-05
3,Exp_24_300,3,OPTICS,1.5878923984245784e-05
0,Exp_4_300,0,OPTICS,0.8439941073659166
1,Exp_4_300,1,OPTICS,5.568412267384165e-06
2,Exp_4_300,2,OPTICS,3.498305514509658e-06
3,Exp_4_300,3,OPTICS,2.7792745115050187e-05
0,Exp_6_400,0,OPTICS,0.7737317329994957
1,Exp_6_400,1,OPTICS,6.695808741314621e-06
2,Exp_6_400,2,OPTICS,9.629703990434792e-06
3,Exp_6_400,3,OPTICS,1.4952851204596729e-05
0,Exp_15_400,0,OPTICS,0.7786924359780568
1,Exp_15_400,1,OPTICS,5.207077885536909e-06
2,Exp_15_400,2,OPTICS,1.762270025738585e-05
3,Exp_15_400,3,OPTICS,1.048735147367521e-05
0,Exp_22_400,0,OPTICS,0.840354532720552
1,Exp_22_400,1,OPTICS,1.3547091871230357e-06
2,Exp_22_400,2,OPTICS,1.030555992033638e-05
3,Exp_22_400,3,OPTICS,2.0561450983668418e-05
0,Exp_19_400,0,OPTICS,0.7754636087467255
1,Exp_19_400,1,OPTICS,9.360397985171776e-07
2,Exp_19_400,2,OPTICS,4.920441302050448e-06
3,Exp_19_400,3,OPTICS,1.593210667129915e-05
0,Exp_2_400,0,OPTICS,0.7462763424614742
1,Exp_2_400,1,OPTICS,2.82326376884751e-06
2,Exp_2_400,2,OPTICS,2.2706694777550476e-05
3,Exp_2_400,3,OPTICS,3.247587083270018e-05
0,Exp_27_400,0,OPTICS,0.827044155443742
1,Exp_27_400,1,OPTICS,1.1861302722450766e-06
2,Exp_27_400,2,OPTICS,3.885288453780237e-06
3,Exp_27_400,3,OPTICS,2.48220204131914e-05
0,Exp_34_400,0,OPTICS,0.8200592660659437
1,Exp_34_400,1,OPTICS,9.14487092130889e-07
2,Exp_34_400,2,OPTICS,2.552983408235647e-05
3,Exp_34_400,3,OPTICS,1.4869407392660594e-05
0,Exp_3_400,0,OPTICS,0.7891619997445019
1,Exp_3_400,1,OPTICS,8.250055674734661e-07
2,Exp_3_400,2,OPTICS,6.592964335986061e-06
3,Exp_3_400,3,OPTICS,1.7702906839953286e-05
0,Exp_28_400,0,OPTICS,0.7785299066388541
1,Exp_28_400,1,OPTICS,7.851702448437887e-06
2,Exp_28_400,2,OPTICS,9.595327762285715e-06
3,Exp_28_400,3,OPTICS,2.522385529376088e-05
0,Exp_14_400,0,OPTICS,0.7974235620924757
1,Exp_14_400,1,OPTICS,4.5462033776028975e-08
2,Exp_14_400,2,OPTICS,3.2101331286991083e-06
3,Exp_14_400,3,OPTICS,6.795323617251208e-06
0,Exp_30_400,0,OPTICS,0.7460188303303472
1,Exp_30_400,1,OPTICS,2.466014754768085e-10
2,Exp_30_400,2,OPTICS,5.248740620030576e-06
3,Exp_30_400,3,OPTICS,1.499548386396821e-05
0,Exp_5_400,0,OPTICS,0.739068704906614
1,Exp_5_400,1,OPTICS,7.841137158839868e-06
2,Exp_5_400,2,OPTICS,1.1721335278265908e-05
3,Exp_5_400,3,OPTICS,5.6566953098922105e-05
0,Exp_25_400,0,OPTICS,0.8358963059755469
1,Exp_25_400,1,OPTICS,1.978792750190385e-07
2,Exp_25_400,2,OPTICS,1.6920949944771777e-05
3,Exp_25_400,3,OPTICS,3.8514289177054567e-05
0,Exp_32_400,0,OPTICS,0.7781717597411741
1,Exp_32_400,1,OPTICS,2.2313922372857635e-06
2,Exp_32_400,2,OPTICS,1.12267586623275e-05
3,Exp_32_400,3,OPTICS,1.5694889520140037e-05
0,Exp_26_400,0,OPTICS,0.7263651730738517
1,Exp_26_400,1,OPTICS,2.114747084586949e-06
2,Exp_26_400,2,OPTICS,7.921271792233945e-06
3,Exp_26_400,3,OPTICS,3.191129509324549e-05
0,Exp_9_400,0,OPTICS,0.8267467195292223
1,Exp_9_400,1,OPTICS,8.378758629254066e-07
2,Exp_9_400,2,OPTICS,8.082551069935474e-06
3,Exp_9_400,3,OPTICS,9.874773807902162e-06
0,Exp_16_400,0,OPTICS,0.8383526887575209
1,Exp_16_400,1,OPTICS,3.415331365172046e-05
2,Exp_16_400,2,OPTICS,3.810108651707894e-06
3,Exp_16_400,3,OPTICS,6.495388352641724e-05
0,Exp_20_400,0,OPTICS,0.8561170911403987
1,Exp_20_400,1,OPTICS,2.6114179409300265e-06
2,Exp_20_400,2,OPTICS,1.2052195769950496e-08
3,Exp_20_400,3,OPTICS,1.89535013785818e-05
0,Exp_12_400,0,OPTICS,0.8043403063840334
1,Exp_12_400,1,OPTICS,3.7384011244167093e-07
2,Exp_12_400,2,OPTICS,1.939125242457031e-06
3,Exp_12_400,3,OPTICS,1.4922495595826544e-05
0,Exp_33_400,0,OPTICS,0.7429731933567592
1,Exp_33_400,1,OPTICS,2.2573812388926748e-05
2,Exp_33_400,2,OPTICS,1.4131996145469324e-12
3,Exp_33_400,3,OPTICS,4.828505570957291e-05
0,Exp_8_400,0,OPTICS,0.7748204783315112
1,Exp_8_400,1,OPTICS,1.13566362182659e-05
2,Exp_8_400,2,OPTICS,4.5130968754291857e-05
3,Exp_8_400,3,OPTICS,2.213289935759236e-05
0,Exp_10_400,0,OPTICS,0.7393811526085567
1,Exp_10_400,1,OPTICS,5.616065554942862e-06
2,Exp_10_400,2,OPTICS,1.1176186889332145e-05
3,Exp_10_400,3,OPTICS,1.3292199672996766e-05
0,Exp_21_400,0,OPTICS,0.6661925263319906
1,Exp_21_400,1,OPTICS,5.795692380077946e-07
2,Exp_21_400,2,OPTICS,2.443241173768535e-06
3,Exp_21_400,3,OPTICS,2.1773233781992625e-05
0,Exp_31_400,0,OPTICS,0.8084304491281189
1,Exp_31_400,1,OPTICS,1.8860309997684824e-06
2,Exp_31_400,2,OPTICS,8.812072154632724e-06
3,Exp_31_400,3,OPTICS,3.473315651023309e-05
0,Exp_1_400,0,OPTICS,0.7821204532974314
1,Exp_1_400,1,OPTICS,1.0242119905816289e-06
2,Exp_1_400,2,OPTICS,3.076026622328532e-07
3,Exp_1_400,3,OPTICS,9.723799308894133e-06
0,Exp_29_400,0,OPTICS,0.8812399787212394
1,Exp_29_400,1,OPTICS,6.225311194643044e-07
2,Exp_29_400,2,OPTICS,3.0499150136873168e-06
3,Exp_29_400,3,OPTICS,4.5153515869670406e-05
0,Exp_13_400,0,OPTICS,0.8634298437776338
1,Exp_13_400,1,OPTICS,6.4707788405094304e-09
2,Exp_13_400,2,OPTICS,2.1418262790061885e-06
3,Exp_13_400,3,OPTICS,3.262636984701851e-05
0,Exp_17_400,0,OPTICS,0.7808431271282092
1,Exp_17_400,1,OPTICS,4.872505972899615e-07
2,Exp_17_400,2,OPTICS,3.096616865283124e-05
3,Exp_17_400,3,OPTICS,3.056155099205032e-05
0,Exp_18_400,0,OPTICS,0.8610066584788553
1,Exp_18_400,1,OPTICS,4.94422972609988e-06
2,Exp_18_400,2,OPTICS,8.66190206059421e-07
3,Exp_18_400,3,OPTICS,4.513649467457076e-05
0,Exp_11_400,0,OPTICS,0.8293763899235717
1,Exp_11_400,1,OPTICS,2.015088025893034e-06
2,Exp_11_400,2,OPTICS,1.7798757043140657e-05
3,Exp_11_400,3,OPTICS,2.820965347545309e-05
0,Exp_23_400,0,OPTICS,0.7907491180521827
1,Exp_23_400,1,OPTICS,6.484558264354197e-07
2,Exp_23_400,2,OPTICS,5.684892775697172e-06
3,Exp_23_400,3,OPTICS,3.542729535208023e-05
0,Exp_0_400,0,OPTICS,0.8761953542006732
1,Exp_0_400,1,OPTICS,2.684789694681712e-06
2,Exp_0_400,2,OPTICS,1.238459760944049e-05
3,Exp_0_400,3,OPTICS,1.9738869508568777e-05
0,Exp_7_400,0,OPTICS,0.807886690241879
1,Exp_7_400,1,OPTICS,1.4224303978380925e-06
2,Exp_7_400,2,OPTICS,2.625437534616275e-06
3,Exp_7_400,3,OPTICS,7.727615265134225e-05
0,Exp_24_400,0,OPTICS,0.8202149421905005
1,Exp_24_400,1,OPTICS,5.495484091256551e-07
2,Exp_24_400,2,OPTICS,3.6480848593789e-06
3,Exp_24_400,3,OPTICS,2.510373603212747e-05
0,Exp_4_400,0,OPTICS,0.7950699473434122
1,Exp_4_400,1,OPTICS,7.667943173625207e-07
2,Exp_4_400,2,OPTICS,3.786785374855202e-06
3,Exp_4_400,3,OPTICS,3.072465652335587e-05
0,Exp_6_500,0,OPTICS,0.7888315052083567
1,Exp_6_500,1,OPTICS,1.0240167500011302e-06
2,Exp_6_500,2,OPTICS,2.862962053655199e-06
3,Exp_6_500,3,OPTICS,2.166854410519801e-05
0,Exp_15_500,0,OPTICS,0.733763370615034
1,Exp_15_500,1,OPTICS,1.849761804393789e-05
2,Exp_15_500,2,OPTICS,4.365738003095248e-06
3,Exp_15_500,3,OPTICS,1.6334663589627004e-05
0,Exp_22_500,0,OPTICS,0.7714690601799314
1,Exp_22_500,1,OPTICS,3.0607157882307864e-08
2,Exp_22_500,2,OPTICS,2.7947231180501105e-05
3,Exp_22_500,3,OPTICS,1.1424116169401231e-05
0,Exp_19_500,0,OPTICS,0.7461314774368109
1,Exp_19_500,1,OPTICS,7.77625054340465e-06
2,Exp_19_500,2,OPTICS,3.545643817865097e-05
3,Exp_19_500,3,OPTICS,1.7470746566961782e-05
0,Exp_2_500,0,OPTICS,0.7934249757636697
1,Exp_2_500,1,OPTICS,1.6671442521105322e-06
2,Exp_2_500,2,OPTICS,6.4818566783404745e-06
3,Exp_2_500,3,OPTICS,1.3438242108700603e-05
0,Exp_27_500,0,OPTICS,0.8164311620778479
1,Exp_27_500,1,OPTICS,2.3354420367082107e-07
2,Exp_27_500,2,OPTICS,9.8485528745449e-06
3,Exp_27_500,3,OPTICS,4.63135591077088e-05
0,Exp_34_500,0,OPTICS,0.7657939780764863
1,Exp_34_500,1,OPTICS,1.9005713417688583e-09
2,Exp_34_500,2,OPTICS,3.648154039750309e-06
3,Exp_34_500,3,OPTICS,3.698586094426405e-05
0,Exp_3_500,0,OPTICS,0.8440349955484163
1,Exp_3_500,1,OPTICS,1.4537509331694785e-07
2,Exp_3_500,2,OPTICS,1.910140011528744e-05
3,Exp_3_500,3,OPTICS,4.511161079203626e-05
0,Exp_28_500,0,OPTICS,0.8346793406331189
1,Exp_28_500,1,OPTICS,1.1650179638815754e-05
2,Exp_28_500,2,OPTICS,1.193710469832448e-05
3,Exp_28_500,3,OPTICS,2.1017112053941537e-05
0,Exp_14_500,0,OPTICS,0.8296884858473742
1,Exp_14_500,1,OPTICS,2.3057070134735e-05
2,Exp_14_500,2,OPTICS,1.122165637720063e-05
3,Exp_14_500,3,OPTICS,1.935047147876876e-05
0,Exp_30_500,0,OPTICS,0.8025605477381464
1,Exp_30_500,1,OPTICS,1.671585810213651e-06
2,Exp_30_500,2,OPTICS,3.7137652001384055e-06
3,Exp_30_500,3,OPTICS,1.1565182950741738e-05
0,Exp_5_500,0,OPTICS,0.7592115748706014
1,Exp_5_500,1,OPTICS,1.6349553206390382e-06
2,Exp_5_500,2,OPTICS,2.1190967795259445e-05
3,Exp_5_500,3,OPTICS,2.131376647142861e-05
0,Exp_25_500,0,OPTICS,0.7129461088725845
1,Exp_25_500,1,OPTICS,1.649128689195856e-06
2,Exp_25_500,2,OPTICS,5.947596825375691e-06
3,Exp_25_500,3,OPTICS,2.413193715444313e-05
0,Exp_32_500,0,OPTICS,0.8434451904695709
1,Exp_32_500,1,OPTICS,2.7957163730493373e-07
2,Exp_32_500,2,OPTICS,5.085431777183338e-06
3,Exp_32_500,3,OPTICS,2.227845590050343e-05
0,Exp_26_500,0,OPTICS,0.7593614417929591
1,Exp_26_500,1,OPTICS,3.7496396873361387e-07
2,Exp_26_500,2,OPTICS,2.314621048705504e-06
3,Exp_26_500,3,OPTICS,3.277825602241447e-05
0,Exp_9_500,0,OPTICS,0.8541493940733285
1,Exp_9_500,1,OPTICS,1.8323354301482477e-05
2,Exp_9_500,2,OPTICS,9.599520254667642e-06
3,Exp_9_500,3,OPTICS,2.191340939952317e-05
0,Exp_16_500,0,OPTICS,0.7888266914631565
1,Exp_16_500,1,OPTICS,4.645176299283027e-07
2,Exp_16_500,2,OPTICS,1.8043381322127808e-05
3,Exp_16_500,3,OPTICS,1.190109578610828e-06
0,Exp_20_500,0,OPTICS,0.8737736112429215
1,Exp_20_500,1,OPTICS,6.119234237332877e-06
2,Exp_20_500,2,OPTICS,9.479739767575782e-06
3,Exp_20_500,3,OPTICS,2.056234236976054e-05
0,Exp_12_500,0,OPTICS,0.7682412418742058
1,Exp_12_500,1,OPTICS,2.0228288494097487e-06
2,Exp_12_500,2,OPTICS,1.0051916877274808e-05
3,Exp_12_500,3,OPTICS,1.569120401202556e-05
0,Exp_33_500,0,OPTICS,0.7841126975294357
1,Exp_33_500,1,OPTICS,1.0129326333509801e-07
2,Exp_33_500,2,OPTICS,1.0199689133073882e-06
3,Exp_33_500,3,OPTICS,1.5828419464434414e-05
0,Exp_8_500,0,OPTICS,0.7651552534242243
1,Exp_8_500,1,OPTICS,5.460388755630952e-06
2,Exp_8_500,2,OPTICS,9.316435345944756e-06
3,Exp_8_500,3,OPTICS,2.7390886084356168e-05
0,Exp_10_500,0,OPTICS,0.8086280944416744
1,Exp_10_500,1,OPTICS,5.49925591111651e-06
2,Exp_10_500,2,OPTICS,4.409495163795736e-06
3,Exp_10_500,3,OPTICS,4.488295114556611e-05
0,Exp_21_500,0,OPTICS,0.7561909815208374
1,Exp_21_500,1,OPTICS,1.810439156181712e-05
2,Exp_21_500,2,OPTICS,5.164607984936308e-06
3,Exp_21_500,3,OPTICS,2.354937724219981e-05
0,Exp_31_500,0,OPTICS,0.8218689689504677
1,Exp_31_500,1,OPTICS,2.8412190688872657e-07
2,Exp_31_500,2,OPTICS,1.456878264854498e-06
3,Exp_31_500,3,OPTICS,1.8178297937523774e-05
0,Exp_1_500,0,OPTICS,0.8325997924576101
1,Exp_1_500,1,OPTICS,1.6012581803489224e-05
2,Exp_1_500,2,OPTICS,8.500020172982742e-06
3,Exp_1_500,3,OPTICS,1.4121788011847909e-05
0,Exp_29_500,0,OPTICS,0.7344088476530882
1,Exp_29_500,1,OPTICS,3.642649677149794e-07
2,Exp_29_500,2,OPTICS,8.783834295333331e-06
3,Exp_29_500,3,OPTICS,1.7177238802070385e-05
0,Exp_13_500,0,OPTICS,0.8576826901057824
1,Exp_13_500,1,OPTICS,1.8369777509877964e-06
2,Exp_13_500,2,OPTICS,1.9780026451563877e-05
3,Exp_13_500,3,OPTICS,2.497841465092141e-05
0,Exp_17_500,0,OPTICS,0.7596106536538181
1,Exp_17_500,1,OPTICS,2.2527138589142346e-06
2,Exp_17_500,2,OPTICS,5.1786905379079735e-06
3,Exp_17_500,3,OPTICS,2.4625052384106946e-05
0,Exp_18_500,0,OPTICS,0.7735251483882087
1,Exp_18_500,1,OPTICS,7.780569945729918e-07
2,Exp_18_500,2,OPTICS,5.608638366168476e-06
3,Exp_18_500,3,OPTICS,1.2471353598428772e-05
0,Exp_11_500,0,OPTICS,0.8185636426007724
1,Exp_11_500,1,OPTICS,6.440835681368324e-06
2,Exp_11_500,2,OPTICS,1.573524844818874e-05
3,Exp_11_500,3,OPTICS,2.5287354167623977e-05
0,Exp_23_500,0,OPTICS,0.8467992029467042
1,Exp_23_500,1,OPTICS,1.1208197514019565e-05
2,Exp_23_500,2,OPTICS,5.774140161944084e-06
3,Exp_23_500,3,OPTICS,5.295220535593295e-05
0,Exp_0_500,0,OPTICS,0.7688528530583542
1,Exp_0_500,1,OPTICS,1.1586487939077443e-06
2,Exp_0_500,2,OPTICS,8.994452346438322e-06
3,Exp_0_500,3,OPTICS,1.1274370233438368e-05
0,Exp_7_500,0,OPTICS,0.7820537081343532
1,Exp_7_500,1,OPTICS,7.28220254600665e-07
2,Exp_7_500,2,OPTICS,3.6408647914299137e-06
3,Exp_7_500,3,OPTICS,1.646378668399146e-05
0,Exp_24_500,0,OPTICS,0.7565075966575096
1,Exp_24_500,1,OPTICS,2.118330553269532e-08
2,Exp_24_500,2,OPTICS,3.5248097307878063e-06
3,Exp_24_500,3,OPTICS,1.3713968397236443e-05
0,Exp_4_500,0,OPTICS,0.8048870623583716
1,Exp_4_500,1,OPTICS,2.1170383661094287e-05
2,Exp_4_500,2,OPTICS,6.469246564222443e-06
3,Exp_4_500,3,OPTICS,1.7347395803807144e-05
0,Exp_6_300,0,HDBSCAN,0.8268825187195549
1,Exp_6_300,1,HDBSCAN,1.767647678895241e-05
2,Exp_6_300,2,HDBSCAN,6.351951637549384e-06
3,Exp_6_300,3,HDBSCAN,1.8729819349861064e-05
0,Exp_15_300,0,HDBSCAN,0.7641268747654759
1,Exp_15_300,1,HDBSCAN,0.0021451003275508
2,Exp_15_300,2,HDBSCAN,3.221329495395789e-05
3,Exp_15_300,3,HDBSCAN,3.2622496729368803e-06
0,Exp_22_300,0,HDBSCAN,0.8384094283878508
1,Exp_22_300,1,HDBSCAN,1.020190571481706e-06
2,Exp_22_300,2,HDBSCAN,3.871484064684564e-05
3,Exp_22_300,3,HDBSCAN,9.063907473214554e-07
0,Exp_19_300,0,HDBSCAN,0.7436269336324413
1,Exp_19_300,1,HDBSCAN,0.0064140145351588
2,Exp_19_300,2,HDBSCAN,4.249945378084895e-07
3,Exp_19_300,3,HDBSCAN,1.3684968822676254e-06
0,Exp_2_300,0,HDBSCAN,0.8338567310352168
1,Exp_2_300,1,HDBSCAN,0.0012800226644732
2,Exp_2_300,2,HDBSCAN,1.189765798985738e-05
3,Exp_2_300,3,HDBSCAN,4.478525988572878e-05
0,Exp_27_300,0,HDBSCAN,0.8449612758035249
1,Exp_27_300,1,HDBSCAN,2.0073234093675843e-05
2,Exp_27_300,2,HDBSCAN,1.4472409399099108e-05
3,Exp_27_300,3,HDBSCAN,8.997369920237497e-05
0,Exp_34_300,0,HDBSCAN,0.837650001203558
1,Exp_34_300,1,HDBSCAN,2.315023319672211e-06
2,Exp_34_300,2,HDBSCAN,7.371351629025626e-06
3,Exp_34_300,3,HDBSCAN,1.9192304991853382e-05
0,Exp_3_300,0,HDBSCAN,0.7524836544314231
1,Exp_3_300,1,HDBSCAN,3.4232581247645494e-05
2,Exp_3_300,2,HDBSCAN,8.171897938522894e-06
3,Exp_3_300,3,HDBSCAN,2.88453026236835e-05
0,Exp_28_300,0,HDBSCAN,0.7616615557717971
1,Exp_28_300,1,HDBSCAN,6.21406539903189e-05
2,Exp_28_300,2,HDBSCAN,3.251702293698572e-05
3,Exp_28_300,3,HDBSCAN,0.0003374902202459
0,Exp_14_300,0,HDBSCAN,0.7828769708258815
1,Exp_14_300,1,HDBSCAN,2.152113606043696e-05
2,Exp_14_300,2,HDBSCAN,2.8959014859450813e-05
3,Exp_14_300,3,HDBSCAN,3.757368566539027e-06
0,Exp_30_300,0,HDBSCAN,0.8632833318205624
1,Exp_30_300,1,HDBSCAN,8.117512017309506e-05
2,Exp_30_300,2,HDBSCAN,3.002405544632524e-06
3,Exp_30_300,3,HDBSCAN,1.69140597068973e-05
0,Exp_5_300,0,HDBSCAN,0.8479227648480827
1,Exp_5_300,1,HDBSCAN,0.0001416888584647
2,Exp_5_300,2,HDBSCAN,0.0005707028493752
3,Exp_5_300,3,HDBSCAN,2.3942436053715764e-07
0,Exp_25_300,0,HDBSCAN,0.8025871750578212
1,Exp_25_300,1,HDBSCAN,0.0060516036602714
2,Exp_25_300,2,HDBSCAN,0.0001216394424331
3,Exp_25_300,3,HDBSCAN,0.0006291728788654
0,Exp_32_300,0,HDBSCAN,0.8260866285182025
1,Exp_32_300,1,HDBSCAN,0.0029798364361656
2,Exp_32_300,2,HDBSCAN,4.7205130150641207e-05
3,Exp_32_300,3,HDBSCAN,2.397333939732271e-05
0,Exp_26_300,0,HDBSCAN,0.7972849083998701
1,Exp_26_300,1,HDBSCAN,1.5314572076308006e-05
2,Exp_26_300,2,HDBSCAN,7.043397745339993e-06
3,Exp_26_300,3,HDBSCAN,0.0001879632651996
0,Exp_9_300,0,HDBSCAN,0.784590660285213
1,Exp_9_300,1,HDBSCAN,8.413739790113162e-07
2,Exp_9_300,2,HDBSCAN,1.1505823174484692e-06
3,Exp_9_300,3,HDBSCAN,5.585989183773683e-06
0,Exp_16_300,0,HDBSCAN,0.8585920977953452
1,Exp_16_300,1,HDBSCAN,9.605696174733167e-06
2,Exp_16_300,2,HDBSCAN,9.18955607196968e-06
3,Exp_16_300,3,HDBSCAN,0.0002234281215187
0,Exp_20_300,0,HDBSCAN,0.8194882977784932
1,Exp_20_300,1,HDBSCAN,9.856450211204698e-07
2,Exp_20_300,2,HDBSCAN,5.476964946767249e-06
3,Exp_20_300,3,HDBSCAN,1.0755820555298248e-05
0,Exp_12_300,0,HDBSCAN,0.793181944156322
1,Exp_12_300,1,HDBSCAN,0.0297586542192676
2,Exp_12_300,2,HDBSCAN,0.008068652625619
3,Exp_12_300,3,HDBSCAN,3.801846909917519e-05
0,Exp_33_300,0,HDBSCAN,0.7822072332959761
1,Exp_33_300,1,HDBSCAN,8.561702368061773e-05
2,Exp_33_300,2,HDBSCAN,1.0736339476730108e-05
3,Exp_33_300,3,HDBSCAN,2.635394909462531e-06
0,Exp_8_300,0,HDBSCAN,0.7488212533744921
1,Exp_8_300,1,HDBSCAN,0.0049604081042029
2,Exp_8_300,2,HDBSCAN,0.0001434064875429
3,Exp_8_300,3,HDBSCAN,1.8050186123384217e-05
0,Exp_10_300,0,HDBSCAN,0.8754121749205875
1,Exp_10_300,1,HDBSCAN,0.0001345019616334
2,Exp_10_300,2,HDBSCAN,0.0001928046140446
3,Exp_10_300,3,HDBSCAN,1.4828544998817658e-06
0,Exp_21_300,0,HDBSCAN,0.7926157124571409
1,Exp_21_300,1,HDBSCAN,7.55102293764946e-07
2,Exp_21_300,2,HDBSCAN,3.372442937595186e-06
3,Exp_21_300,3,HDBSCAN,5.820908399350445e-05
0,Exp_31_300,0,HDBSCAN,0.8859346734867081
1,Exp_31_300,1,HDBSCAN,3.706507048886012e-05
2,Exp_31_300,2,HDBSCAN,4.9832231458639113e-05
3,Exp_31_300,3,HDBSCAN,4.2384228692021484e-06
0,Exp_1_300,0,HDBSCAN,0.829688050869592
1,Exp_1_300,1,HDBSCAN,0.0004837441190334
2,Exp_1_300,2,HDBSCAN,3.255894910247524e-05
3,Exp_1_300,3,HDBSCAN,5.119828742506204e-07
0,Exp_29_300,0,HDBSCAN,0.8086589112355276
1,Exp_29_300,1,HDBSCAN,2.936300957727758e-06
2,Exp_29_300,2,HDBSCAN,0.0014193849782097
3,Exp_29_300,3,HDBSCAN,5.4054407515771344e-06
0,Exp_13_300,0,HDBSCAN,0.7875103861613225
1,Exp_13_300,1,HDBSCAN,0.0075422412230067
2,Exp_13_300,2,HDBSCAN,2.315310300486628e-06
3,Exp_13_300,3,HDBSCAN,8.451241785751449e-06
0,Exp_17_300,0,HDBSCAN,0.8472390988755688
1,Exp_17_300,1,HDBSCAN,0.0008290649978956
2,Exp_17_300,2,HDBSCAN,3.433037938429971e-05
3,Exp_17_300,3,HDBSCAN,2.1185460691644597e-05
0,Exp_18_300,0,HDBSCAN,0.8020668016766014
1,Exp_18_300,1,HDBSCAN,9.852386274200166e-06
2,Exp_18_300,2,HDBSCAN,1.5259545308769003e-05
3,Exp_18_300,3,HDBSCAN,2.676992850828369e-06
0,Exp_11_300,0,HDBSCAN,0.8261945872372504
1,Exp_11_300,1,HDBSCAN,1.6750563235281342e-05
2,Exp_11_300,2,HDBSCAN,4.8216943334443006e-06
3,Exp_11_300,3,HDBSCAN,2.6585087764931628e-05
0,Exp_23_300,0,HDBSCAN,0.8051006482783065
1,Exp_23_300,1,HDBSCAN,1.128727406034566e-05
2,Exp_23_300,2,HDBSCAN,1.1433586558238429e-06
3,Exp_23_300,3,HDBSCAN,1.2812700001357448e-06
0,Exp_0_300,0,HDBSCAN,0.7445224707464102
1,Exp_0_300,1,HDBSCAN,0.0049433395276461
2,Exp_0_300,2,HDBSCAN,1.6542069844539894e-06
3,Exp_0_300,3,HDBSCAN,6.222810006055929e-06
0,Exp_7_300,0,HDBSCAN,0.7982376029079291
1,Exp_7_300,1,HDBSCAN,0.0086859677566422
2,Exp_7_300,2,HDBSCAN,2.9288087181781144e-06
3,Exp_7_300,3,HDBSCAN,1.6908388817514645e-05
0,Exp_24_300,0,HDBSCAN,0.8273688319712419
1,Exp_24_300,1,HDBSCAN,1.544303070342848e-05
2,Exp_24_300,2,HDBSCAN,6.311097371883951e-05
3,Exp_24_300,3,HDBSCAN,6.92738622190426e-08
0,Exp_4_300,0,HDBSCAN,0.8439941073659166
1,Exp_4_300,1,HDBSCAN,0.0048277366722017
2,Exp_4_300,2,HDBSCAN,1.6607095840800568e-06
3,Exp_4_300,3,HDBSCAN,1.5332326282218368e-05
0,Exp_6_400,0,HDBSCAN,0.7737317329994957
1,Exp_6_400,1,HDBSCAN,0.0084721864702991
2,Exp_6_400,2,HDBSCAN,7.478416779850788e-07
3,Exp_6_400,3,HDBSCAN,2.386009740748901e-05
0,Exp_15_400,0,HDBSCAN,0.7786924359780568
1,Exp_15_400,1,HDBSCAN,3.2190872000145534e-05
2,Exp_15_400,2,HDBSCAN,0.002544531272014
3,Exp_15_400,3,HDBSCAN,1.1506369601004383e-05
0,Exp_22_400,0,HDBSCAN,0.840354532720552
1,Exp_22_400,1,HDBSCAN,0.0245305342996131
2,Exp_22_400,2,HDBSCAN,0.0052252093818787
3,Exp_22_400,3,HDBSCAN,0.000330082649298
0,Exp_19_400,0,HDBSCAN,0.7754636087467255
1,Exp_19_400,1,HDBSCAN,0.0038626404690356
2,Exp_19_400,2,HDBSCAN,8.160901262473094e-05
3,Exp_19_400,3,HDBSCAN,3.9368832518509215e-06
0,Exp_2_400,0,HDBSCAN,0.7462763424614742
1,Exp_2_400,1,HDBSCAN,9.220357193196622e-05
2,Exp_2_400,2,HDBSCAN,7.476341030733509e-06
3,Exp_2_400,3,HDBSCAN,2.8332294351031093e-06
0,Exp_27_400,0,HDBSCAN,0.827044155443742
1,Exp_27_400,1,HDBSCAN,0.0148755325451206
2,Exp_27_400,2,HDBSCAN,1.289074957637692e-05
3,Exp_27_400,3,HDBSCAN,8.715714141503896e-05
0,Exp_34_400,0,HDBSCAN,0.8200592660659437
1,Exp_34_400,1,HDBSCAN,1.878672672844506e-06
2,Exp_34_400,2,HDBSCAN,3.427848242335134e-07
3,Exp_34_400,3,HDBSCAN,4.378848065015269e-05
0,Exp_3_400,0,HDBSCAN,0.7891619997445019
1,Exp_3_400,1,HDBSCAN,0.0003277171682961
2,Exp_3_400,2,HDBSCAN,1.3971625296137106e-06
3,Exp_3_400,3,HDBSCAN,5.784834373511926e-06
0,Exp_28_400,0,HDBSCAN,0.7785299066388541
1,Exp_28_400,1,HDBSCAN,0.0007144116931442
2,Exp_28_400,2,HDBSCAN,2.7096163433041605e-07
3,Exp_28_400,3,HDBSCAN,1.436606373827272e-05
0,Exp_14_400,0,HDBSCAN,0.7974235620924757
1,Exp_14_400,1,HDBSCAN,6.76123282705665e-05
2,Exp_14_400,2,HDBSCAN,4.160658614231404e-06
3,Exp_14_400,3,HDBSCAN,1.9086436690811688e-06
0,Exp_30_400,0,HDBSCAN,0.7460188303303472
1,Exp_30_400,1,HDBSCAN,7.119314569512766e-07
2,Exp_30_400,2,HDBSCAN,3.2701336727259005e-06
3,Exp_30_400,3,HDBSCAN,6.438422545168599e-06
0,Exp_5_400,0,HDBSCAN,0.739068704906614
1,Exp_5_400,1,HDBSCAN,0.0362417228087333
2,Exp_5_400,2,HDBSCAN,5.380844772437638e-13
3,Exp_5_400,3,HDBSCAN,1.1562675437315475e-07
0,Exp_25_400,0,HDBSCAN,0.8358963059755469
1,Exp_25_400,1,HDBSCAN,1.0360163602332877e-06
2,Exp_25_400,2,HDBSCAN,1.126485863609619e-05
3,Exp_25_400,3,HDBSCAN,3.970923434781463e-07
0,Exp_32_400,0,HDBSCAN,0.7781717597411741
1,Exp_32_400,1,HDBSCAN,0.0001784476947706
2,Exp_32_400,2,HDBSCAN,2.1238723677783245e-06
3,Exp_32_400,3,HDBSCAN,2.3776985073556506e-05
0,Exp_26_400,0,HDBSCAN,0.7263651730738517
1,Exp_26_400,1,HDBSCAN,4.072028391223224e-06
2,Exp_26_400,2,HDBSCAN,0.0001494123933479
3,Exp_26_400,3,HDBSCAN,9.564633863770767e-06
0,Exp_9_400,0,HDBSCAN,0.8267467195292223
1,Exp_9_400,1,HDBSCAN,3.992888745611736e-06
2,Exp_9_400,2,HDBSCAN,2.1551271769682368e-05
3,Exp_9_400,3,HDBSCAN,5.347906746753035e-06
0,Exp_16_400,0,HDBSCAN,0.8383526887575209
1,Exp_16_400,1,HDBSCAN,0.0239289528390741
2,Exp_16_400,2,HDBSCAN,1.0798350153747596e-08
3,Exp_16_400,3,HDBSCAN,1.004907273831095e-05
0,Exp_20_400,0,HDBSCAN,0.8561170911403987
1,Exp_20_400,1,HDBSCAN,2.5485115842677106e-06
2,Exp_20_400,2,HDBSCAN,9.32665193428618e-06
3,Exp_20_400,3,HDBSCAN,4.232547272322723e-06
0,Exp_12_400,0,HDBSCAN,0.8043403063840334
1,Exp_12_400,1,HDBSCAN,2.403869913635016e-07
2,Exp_12_400,2,HDBSCAN,8.50236372247913e-08
3,Exp_12_400,3,HDBSCAN,1.4906333646233498e-07
0,Exp_33_400,0,HDBSCAN,0.7429731933567592
1,Exp_33_400,1,HDBSCAN,0.0765874207904832
2,Exp_33_400,2,HDBSCAN,1.9669996491008663e-11
3,Exp_33_400,3,HDBSCAN,4.200466136454534e-06
0,Exp_8_400,0,HDBSCAN,0.7748204783315112
1,Exp_8_400,1,HDBSCAN,0.0389961031169109
2,Exp_8_400,2,HDBSCAN,0.0005126816147043
3,Exp_8_400,3,HDBSCAN,2.818104437712513e-06
0,Exp_10_400,0,HDBSCAN,0.7393811526085567
1,Exp_10_400,1,HDBSCAN,6.557508586216191e-06
2,Exp_10_400,2,HDBSCAN,1.2043553915029504e-07
3,Exp_10_400,3,HDBSCAN,3.617881849790117e-06
0,Exp_21_400,0,HDBSCAN,0.6661925263319906
1,Exp_21_400,1,HDBSCAN,0.0001828153523409
2,Exp_21_400,2,HDBSCAN,7.60132713952011e-05
3,Exp_21_400,3,HDBSCAN,4.904183269007976e-05
0,Exp_31_400,0,HDBSCAN,0.8084304491281189
1,Exp_31_400,1,HDBSCAN,4.580746678972296e-05
2,Exp_31_400,2,HDBSCAN,2.324475913015904e-06
3,Exp_31_400,3,HDBSCAN,9.895777074525545e-06
0,Exp_1_400,0,HDBSCAN,0.7821204532974314
1,Exp_1_400,1,HDBSCAN,1.137046959569618e-06
2,Exp_1_400,2,HDBSCAN,1.3716677854790642e-09
3,Exp_1_400,3,HDBSCAN,7.407737626826986e-07
0,Exp_29_400,0,HDBSCAN,0.8812399787212394
1,Exp_29_400,1,HDBSCAN,0.0019389610360466
2,Exp_29_400,2,HDBSCAN,2.719499573490643e-06
3,Exp_29_400,3,HDBSCAN,1.6446253312708955e-05
0,Exp_13_400,0,HDBSCAN,0.8634298437776338
1,Exp_13_400,1,HDBSCAN,4.3385504141454804e-07
2,Exp_13_400,2,HDBSCAN,8.089411233595935e-06
3,Exp_13_400,3,HDBSCAN,0.0027659274141457
0,Exp_17_400,0,HDBSCAN,0.7808431271282092
1,Exp_17_400,1,HDBSCAN,4.300353862540136e-06
2,Exp_17_400,2,HDBSCAN,6.834520803678192e-06
3,Exp_17_400,3,HDBSCAN,0.0032714204786344
0,Exp_18_400,0,HDBSCAN,0.8610066584788553
1,Exp_18_400,1,HDBSCAN,4.885654570308421e-06
2,Exp_18_400,2,HDBSCAN,3.160613586673721e-15
3,Exp_18_400,3,HDBSCAN,3.122240057704604e-05
0,Exp_11_400,0,HDBSCAN,0.8293763899235717
1,Exp_11_400,1,HDBSCAN,1.79143924855122e-05
2,Exp_11_400,2,HDBSCAN,1.676553630956102e-05
3,Exp_11_400,3,HDBSCAN,3.676762759671221e-06
0,Exp_23_400,0,HDBSCAN,0.7907491180521827
1,Exp_23_400,1,HDBSCAN,5.091998806790878e-05
2,Exp_23_400,2,HDBSCAN,7.019322404675484e-07
3,Exp_23_400,3,HDBSCAN,0.0004106419637987
0,Exp_0_400,0,HDBSCAN,0.8761953542006732
1,Exp_0_400,1,HDBSCAN,0.0038949037036685
2,Exp_0_400,2,HDBSCAN,1.1517675111626495e-06
3,Exp_0_400,3,HDBSCAN,0.0021375252521817
0,Exp_7_400,0,HDBSCAN,0.807886690241879
1,Exp_7_400,1,HDBSCAN,0.0053738024113256
2,Exp_7_400,2,HDBSCAN,2.509955333555596e-06
3,Exp_7_400,3,HDBSCAN,0.0001605172722832
0,Exp_24_400,0,HDBSCAN,0.8202149421905005
1,Exp_24_400,1,HDBSCAN,1.391429199016076e-07
2,Exp_24_400,2,HDBSCAN,3.109968008752602e-06
3,Exp_24_400,3,HDBSCAN,2.02596300149714e-06
0,Exp_4_400,0,HDBSCAN,0.7950699473434122
1,Exp_4_400,1,HDBSCAN,1.0643284142639362e-06
2,Exp_4_400,2,HDBSCAN,1.76441694867295e-08
3,Exp_4_400,3,HDBSCAN,2.591648532097272e-07
0,Exp_6_500,0,HDBSCAN,0.7888315052083567
1,Exp_6_500,1,HDBSCAN,7.42032542104335e-06
2,Exp_6_500,2,HDBSCAN,1.5750732347866778e-05
3,Exp_6_500,3,HDBSCAN,7.049315094163767e-06
0,Exp_15_500,0,HDBSCAN,0.733763370615034
1,Exp_15_500,1,HDBSCAN,7.648767987654269e-06
2,Exp_15_500,2,HDBSCAN,0.0002425902963284
3,Exp_15_500,3,HDBSCAN,5.023470827435739e-05
0,Exp_22_500,0,HDBSCAN,0.7714690601799314
1,Exp_22_500,1,HDBSCAN,8.162155112733655e-07
2,Exp_22_500,2,HDBSCAN,2.646979792990141e-06
3,Exp_22_500,3,HDBSCAN,1.700769183204623e-05
0,Exp_19_500,0,HDBSCAN,0.7461314774368109
1,Exp_19_500,1,HDBSCAN,0.0135937983688364
2,Exp_19_500,2,HDBSCAN,0.0224099401325732
3,Exp_19_500,3,HDBSCAN,8.213805374607433e-08
0,Exp_2_500,0,HDBSCAN,0.7934249757636697
1,Exp_2_500,1,HDBSCAN,0.0040374518506202
2,Exp_2_500,2,HDBSCAN,7.812612564796646e-06
3,Exp_2_500,3,HDBSCAN,2.493167554953857e-05
0,Exp_27_500,0,HDBSCAN,0.8164311620778479
1,Exp_27_500,1,HDBSCAN,0.0036157788230043
2,Exp_27_500,2,HDBSCAN,2.207362202357986e-06
3,Exp_27_500,3,HDBSCAN,3.2725319851309952e-06
0,Exp_34_500,0,HDBSCAN,0.7657939780764863
1,Exp_34_500,1,HDBSCAN,0.0001357326584539
2,Exp_34_500,2,HDBSCAN,1.2445296906633886e-06
3,Exp_34_500,3,HDBSCAN,8.94467735306829e-07
0,Exp_3_500,0,HDBSCAN,0.8440349955484163
1,Exp_3_500,1,HDBSCAN,1.3573797473399474e-05
2,Exp_3_500,2,HDBSCAN,1.0293850911702762e-05
3,Exp_3_500,3,HDBSCAN,1.0007156591421386e-05
0,Exp_28_500,0,HDBSCAN,0.8346793406331189
1,Exp_28_500,1,HDBSCAN,0.0198370115519874
2,Exp_28_500,2,HDBSCAN,7.451090778679546e-07
3,Exp_28_500,3,HDBSCAN,6.044782070939376e-05
0,Exp_14_500,0,HDBSCAN,0.8296884858473742
1,Exp_14_500,1,HDBSCAN,0.0237383710801845
2,Exp_14_500,2,HDBSCAN,9.656695452070732e-05
3,Exp_14_500,3,HDBSCAN,7.55501130493189e-05
0,Exp_30_500,0,HDBSCAN,0.8025605477381464
1,Exp_30_500,1,HDBSCAN,1.7095479372416554e-06
2,Exp_30_500,2,HDBSCAN,6.365555177850513e-08
3,Exp_30_500,3,HDBSCAN,5.451698879913145e-05
0,Exp_5_500,0,HDBSCAN,0.7592115748706014
1,Exp_5_500,1,HDBSCAN,0.004140185219509
2,Exp_5_500,2,HDBSCAN,1.7051433428279293e-05
3,Exp_5_500,3,HDBSCAN,1.2266132636113028e-06
0,Exp_25_500,0,HDBSCAN,0.7129461088725845
1,Exp_25_500,1,HDBSCAN,0.0017045246814909
2,Exp_25_500,2,HDBSCAN,2.921758203657169e-06
3,Exp_25_500,3,HDBSCAN,1.700300646947875e-06
0,Exp_32_500,0,HDBSCAN,0.8434451904695709
1,Exp_32_500,1,HDBSCAN,2.3786151608198945e-05
2,Exp_32_500,2,HDBSCAN,1.9443903192199935e-05
3,Exp_32_500,3,HDBSCAN,0.0015406748479869
0,Exp_26_500,0,HDBSCAN,0.7593614417929591
1,Exp_26_500,1,HDBSCAN,3.851671114236657e-06
2,Exp_26_500,2,HDBSCAN,4.300189873560606e-05
3,Exp_26_500,3,HDBSCAN,1.4724031705288558e-05
0,Exp_9_500,0,HDBSCAN,0.8541493940733285
1,Exp_9_500,1,HDBSCAN,2.992331113064914e-05
2,Exp_9_500,2,HDBSCAN,1.1775980416685687e-05
3,Exp_9_500,3,HDBSCAN,8.004899531655006e-06
0,Exp_16_500,0,HDBSCAN,0.7888266914631565
1,Exp_16_500,1,HDBSCAN,4.662881287618688e-06
2,Exp_16_500,2,HDBSCAN,2.14390843696288e-05
3,Exp_16_500,3,HDBSCAN,1.2730811363293888e-06
0,Exp_20_500,0,HDBSCAN,0.8737736112429215
1,Exp_20_500,1,HDBSCAN,1.7762369334955415e-05
2,Exp_20_500,2,HDBSCAN,1.3881763277391227e-06
3,Exp_20_500,3,HDBSCAN,2.3942254820387947e-05
0,Exp_12_500,0,HDBSCAN,0.7682412418742058
1,Exp_12_500,1,HDBSCAN,5.425347675040867e-06
2,Exp_12_500,2,HDBSCAN,1.2941252889275966e-06
3,Exp_12_500,3,HDBSCAN,3.324864068463506e-05
0,Exp_33_500,0,HDBSCAN,0.7841126975294357
1,Exp_33_500,1,HDBSCAN,1.8070751074813083e-05
2,Exp_33_500,2,HDBSCAN,4.953186887473535e-06
3,Exp_33_500,3,HDBSCAN,6.910561791338613e-06
0,Exp_8_500,0,HDBSCAN,0.7651552534242243
1,Exp_8_500,1,HDBSCAN,0.0042914731145341
2,Exp_8_500,2,HDBSCAN,4.475340704310951e-05
3,Exp_8_500,3,HDBSCAN,0.0001878472754566
0,Exp_10_500,0,HDBSCAN,0.8086280944416744
1,Exp_10_500,1,HDBSCAN,0.0077748583013617
2,Exp_10_500,2,HDBSCAN,4.364111618123463e-05
3,Exp_10_500,3,HDBSCAN,1.0252376942546298e-05
0,Exp_21_500,0,HDBSCAN,0.7561909815208374
1,Exp_21_500,1,HDBSCAN,1.5144619151271862e-05
2,Exp_21_500,2,HDBSCAN,1.4740168161331451e-06
3,Exp_21_500,3,HDBSCAN,2.328538448649099e-06
0,Exp_31_500,0,HDBSCAN,0.8218689689504677
1,Exp_31_500,1,HDBSCAN,4.3054453500778e-07
2,Exp_31_500,2,HDBSCAN,6.330848560463519e-07
3,Exp_31_500,3,HDBSCAN,0.0013077421741822
0,Exp_1_500,0,HDBSCAN,0.8325997924576101
1,Exp_1_500,1,HDBSCAN,0.0069267683994653
2,Exp_1_500,2,HDBSCAN,1.3137947242837185e-06
3,Exp_1_500,3,HDBSCAN,5.620595473436998e-06
0,Exp_29_500,0,HDBSCAN,0.7344088476530882
1,Exp_29_500,1,HDBSCAN,0.0001417039641553
2,Exp_29_500,2,HDBSCAN,0.0029143989031728
3,Exp_29_500,3,HDBSCAN,2.3802834373009494e-06
0,Exp_13_500,0,HDBSCAN,0.8576826901057824
1,Exp_13_500,1,HDBSCAN,0.0001194281056262
2,Exp_13_500,2,HDBSCAN,4.1501099495729365e-05
3,Exp_13_500,3,HDBSCAN,5.206111737455528e-06
0,Exp_17_500,0,HDBSCAN,0.7596106536538181
1,Exp_17_500,1,HDBSCAN,2.713692935904256e-06
2,Exp_17_500,2,HDBSCAN,4.376209748852842e-06
3,Exp_17_500,3,HDBSCAN,8.147985999021639e-05
0,Exp_18_500,0,HDBSCAN,0.7735251483882087
1,Exp_18_500,1,HDBSCAN,3.830919677569232e-05
2,Exp_18_500,2,HDBSCAN,1.363867558667948e-05
3,Exp_18_500,3,HDBSCAN,9.336555632234945e-06
0,Exp_11_500,0,HDBSCAN,0.8185636426007724
1,Exp_11_500,1,HDBSCAN,0.0050629361305554
2,Exp_11_500,2,HDBSCAN,8.74748601371749e-06
3,Exp_11_500,3,HDBSCAN,2.7687142280661573e-06
0,Exp_23_500,0,HDBSCAN,0.8467992029467042
1,Exp_23_500,1,HDBSCAN,2.243731342028989e-06
2,Exp_23_500,2,HDBSCAN,4.509223019455168e-05
3,Exp_23_500,3,HDBSCAN,0.0001777805610116
0,Exp_0_500,0,HDBSCAN,0.7688528530583542
1,Exp_0_500,1,HDBSCAN,1.814240691593905e-05
2,Exp_0_500,2,HDBSCAN,9.666766404598568e-06
3,Exp_0_500,3,HDBSCAN,2.3767203163634494e-05
0,Exp_7_500,0,HDBSCAN,0.7820537081343532
1,Exp_7_500,1,HDBSCAN,1.3050853079875508e-06
2,Exp_7_500,2,HDBSCAN,1.0298692865295818e-05
3,Exp_7_500,3,HDBSCAN,2.542671159138639e-06
0,Exp_24_500,0,HDBSCAN,0.7565075966575096
1,Exp_24_500,1,HDBSCAN,2.4448196655388446e-06
2,Exp_24_500,2,HDBSCAN,5.3770794319466405e-05
3,Exp_24_500,3,HDBSCAN,5.111288433058499e-06
0,Exp_4_500,0,HDBSCAN,0.8048870623583716
1,Exp_4_500,1,HDBSCAN,0.01132565369798
2,Exp_4_500,2,HDBSCAN,9.938258500040613e-06
3,Exp_4_500,3,HDBSCAN,5.8417734112154746e-05
0,Exp_6_300,0,Adap_DBSCAN,0.8268825187195549
1,Exp_6_300,1,Adap_DBSCAN,0.623035751063819
2,Exp_6_300,2,Adap_DBSCAN,0.5668429635981128
3,Exp_6_300,3,Adap_DBSCAN,0.5047986167264671
0,Exp_15_300,0,Adap_DBSCAN,0.7641268747654759
1,Exp_15_300,1,Adap_DBSCAN,0.003239181198736
2,Exp_15_300,2,Adap_DBSCAN,0.2904397730177227
3,Exp_15_300,3,Adap_DBSCAN,0.5727909237604274
0,Exp_22_300,0,Adap_DBSCAN,0.8384094283878508
1,Exp_22_300,1,Adap_DBSCAN,0.2325567539885293
2,Exp_22_300,2,Adap_DBSCAN,0.3583135221103294
3,Exp_22_300,3,Adap_DBSCAN,0.3418887305510772
0,Exp_19_300,0,Adap_DBSCAN,0.7436269336324413
1,Exp_19_300,1,Adap_DBSCAN,0.0347680428924683
2,Exp_19_300,2,Adap_DBSCAN,0.3395526851473498
3,Exp_19_300,3,Adap_DBSCAN,0.5052087618558114
0,Exp_2_300,0,Adap_DBSCAN,0.8338567310352168
1,Exp_2_300,1,Adap_DBSCAN,0.7911499387298736
2,Exp_2_300,2,Adap_DBSCAN,0.6176651721177584
3,Exp_2_300,3,Adap_DBSCAN,0.3143479690632658
0,Exp_27_300,0,Adap_DBSCAN,0.8449612758035249
1,Exp_27_300,1,Adap_DBSCAN,0.4273980812927854
2,Exp_27_300,2,Adap_DBSCAN,0.3602297135500075
3,Exp_27_300,3,Adap_DBSCAN,0.4183316408589203
0,Exp_34_300,0,Adap_DBSCAN,0.837650001203558
1,Exp_34_300,1,Adap_DBSCAN,0.3702612757066786
2,Exp_34_300,2,Adap_DBSCAN,0.2418728612838544
3,Exp_34_300,3,Adap_DBSCAN,0.2812168640426328
0,Exp_3_300,0,Adap_DBSCAN,0.7524836544314231
1,Exp_3_300,1,Adap_DBSCAN,0.4987485515538607
2,Exp_3_300,2,Adap_DBSCAN,0.4191236440530361
3,Exp_3_300,3,Adap_DBSCAN,0.2741574155594016
0,Exp_28_300,0,Adap_DBSCAN,0.7616615557717971
1,Exp_28_300,1,Adap_DBSCAN,0.1059062837588119
2,Exp_28_300,2,Adap_DBSCAN,0.265373550502541
3,Exp_28_300,3,Adap_DBSCAN,0.4615326523701135
0,Exp_14_300,0,Adap_DBSCAN,0.7828769708258815
1,Exp_14_300,1,Adap_DBSCAN,0.3046018852806492
2,Exp_14_300,2,Adap_DBSCAN,0.3069558245202869
3,Exp_14_300,3,Adap_DBSCAN,0.5060362898626667
0,Exp_30_300,0,Adap_DBSCAN,0.8632833318205624
1,Exp_30_300,1,Adap_DBSCAN,0.6409823062081615
2,Exp_30_300,2,Adap_DBSCAN,0.623686667333233
3,Exp_30_300,3,Adap_DBSCAN,0.3864460364329025
0,Exp_5_300,0,Adap_DBSCAN,0.8479227648480827
1,Exp_5_300,1,Adap_DBSCAN,0.8296228128707033
2,Exp_5_300,2,Adap_DBSCAN,0.5533084618092009
3,Exp_5_300,3,Adap_DBSCAN,0.3954214551804232
0,Exp_25_300,0,Adap_DBSCAN,0.8025871750578212
1,Exp_25_300,1,Adap_DBSCAN,0.3367415761827687
2,Exp_25_300,2,Adap_DBSCAN,0.3690343860255715
3,Exp_25_300,3,Adap_DBSCAN,0.3657294889587889
0,Exp_32_300,0,Adap_DBSCAN,0.8260866285182025
1,Exp_32_300,1,Adap_DBSCAN,0.3655871252590634
2,Exp_32_300,2,Adap_DBSCAN,0.3329322048473472
3,Exp_32_300,3,Adap_DBSCAN,0.5227994048103171
0,Exp_26_300,0,Adap_DBSCAN,0.7972849083998701
1,Exp_26_300,1,Adap_DBSCAN,0.6810185619360164
2,Exp_26_300,2,Adap_DBSCAN,0.5061176640563467
3,Exp_26_300,3,Adap_DBSCAN,0.4267197577223844
0,Exp_9_300,0,Adap_DBSCAN,0.784590660285213
1,Exp_9_300,1,Adap_DBSCAN,0.1994389589032624
2,Exp_9_300,2,Adap_DBSCAN,0.3481515125805584
3,Exp_9_300,3,Adap_DBSCAN,0.2594288003452032
0,Exp_16_300,0,Adap_DBSCAN,0.8585920977953452
1,Exp_16_300,1,Adap_DBSCAN,0.6315638867734169
2,Exp_16_300,2,Adap_DBSCAN,0.6477954121399728
3,Exp_16_300,3,Adap_DBSCAN,0.3947165436347112
0,Exp_20_300,0,Adap_DBSCAN,0.8194882977784932
1,Exp_20_300,1,Adap_DBSCAN,0.2428450301683628
2,Exp_20_300,2,Adap_DBSCAN,0.4263837119413773
3,Exp_20_300,3,Adap_DBSCAN,0.4348975993907985
0,Exp_12_300,0,Adap_DBSCAN,0.793181944156322
1,Exp_12_300,1,Adap_DBSCAN,0.0188194349711479
2,Exp_12_300,2,Adap_DBSCAN,0.4781041362602484
3,Exp_12_300,3,Adap_DBSCAN,0.3416320250113319
0,Exp_33_300,0,Adap_DBSCAN,0.7822072332959761
1,Exp_33_300,1,Adap_DBSCAN,0.4637557513443115
2,Exp_33_300,2,Adap_DBSCAN,0.8375793885505805
3,Exp_33_300,3,Adap_DBSCAN,0.3145558157689821
0,Exp_8_300,0,Adap_DBSCAN,0.7488212533744921
1,Exp_8_300,1,Adap_DBSCAN,0.6356425451363514
2,Exp_8_300,2,Adap_DBSCAN,0.4770584929818144
3,Exp_8_300,3,Adap_DBSCAN,0.3178229321241585
0,Exp_10_300,0,Adap_DBSCAN,0.8754121749205875
1,Exp_10_300,1,Adap_DBSCAN,0.143821578541493
2,Exp_10_300,2,Adap_DBSCAN,0.3072164781743198
3,Exp_10_300,3,Adap_DBSCAN,0.4571327714472889
0,Exp_21_300,0,Adap_DBSCAN,0.7926157124571409
1,Exp_21_300,1,Adap_DBSCAN,0.018881401433292
2,Exp_21_300,2,Adap_DBSCAN,0.5268398940181893
3,Exp_21_300,3,Adap_DBSCAN,0.1477893230461133
0,Exp_31_300,0,Adap_DBSCAN,0.8859346734867081
1,Exp_31_300,1,Adap_DBSCAN,0.7693851169495445
2,Exp_31_300,2,Adap_DBSCAN,0.3523552757217947
3,Exp_31_300,3,Adap_DBSCAN,0.1754394255269527
0,Exp_1_300,0,Adap_DBSCAN,0.829688050869592
1,Exp_1_300,1,Adap_DBSCAN,0.2938011789784173
2,Exp_1_300,2,Adap_DBSCAN,0.6635546270832416
3,Exp_1_300,3,Adap_DBSCAN,0.5240639580837476
0,Exp_29_300,0,Adap_DBSCAN,0.8086589112355276
1,Exp_29_300,1,Adap_DBSCAN,0.3238726521447991
2,Exp_29_300,2,Adap_DBSCAN,0.5932329403013528
3,Exp_29_300,3,Adap_DBSCAN,0.3982877787899796
0,Exp_13_300,0,Adap_DBSCAN,0.7875103861613225
1,Exp_13_300,1,Adap_DBSCAN,0.1720750216730232
2,Exp_13_300,2,Adap_DBSCAN,0.2894915633033805
3,Exp_13_300,3,Adap_DBSCAN,0.3767117030822943
0,Exp_17_300,0,Adap_DBSCAN,0.8472390988755688
1,Exp_17_300,1,Adap_DBSCAN,0.7836875111009691
2,Exp_17_300,2,Adap_DBSCAN,0.3565914979990473
3,Exp_17_300,3,Adap_DBSCAN,0.3392033821028524
0,Exp_18_300,0,Adap_DBSCAN,0.8020668016766014
1,Exp_18_300,1,Adap_DBSCAN,0.4606845764560049
2,Exp_18_300,2,Adap_DBSCAN,0.4869454428630903
3,Exp_18_300,3,Adap_DBSCAN,0.4653936527187597
0,Exp_11_300,0,Adap_DBSCAN,0.8261945872372504
1,Exp_11_300,1,Adap_DBSCAN,0.5884441732541327
2,Exp_11_300,2,Adap_DBSCAN,0.4338991809876497
3,Exp_11_300,3,Adap_DBSCAN,0.368567278804687
0,Exp_23_300,0,Adap_DBSCAN,0.8051006482783065
1,Exp_23_300,1,Adap_DBSCAN,0.0195217725944779
2,Exp_23_300,2,Adap_DBSCAN,0.01885658696422
3,Exp_23_300,3,Adap_DBSCAN,0.05894085731083
0,Exp_0_300,0,Adap_DBSCAN,0.7445224707464102
1,Exp_0_300,1,Adap_DBSCAN,0.2128145333714339
2,Exp_0_300,2,Adap_DBSCAN,0.4127863804348277
3,Exp_0_300,3,Adap_DBSCAN,0.4676427894290493
0,Exp_7_300,0,Adap_DBSCAN,0.7982376029079291
1,Exp_7_300,1,Adap_DBSCAN,0.1177097475939999
2,Exp_7_300,2,Adap_DBSCAN,0.4192484248200182
3,Exp_7_300,3,Adap_DBSCAN,0.4817142252361129
0,Exp_24_300,0,Adap_DBSCAN,0.8273688319712419
1,Exp_24_300,1,Adap_DBSCAN,0.5423601863755986
2,Exp_24_300,2,Adap_DBSCAN,0.2977656132503085
3,Exp_24_300,3,Adap_DBSCAN,0.3131490234873609
0,Exp_4_300,0,Adap_DBSCAN,0.8439941073659166
1,Exp_4_300,1,Adap_DBSCAN,0.7359887707580656
2,Exp_4_300,2,Adap_DBSCAN,0.4057418660471162
3,Exp_4_300,3,Adap_DBSCAN,0.3919352398683493
0,Exp_6_400,0,Adap_DBSCAN,0.7737317329994957
1,Exp_6_400,1,Adap_DBSCAN,0.0733764401058636
2,Exp_6_400,2,Adap_DBSCAN,0.2466067210374618
3,Exp_6_400,3,Adap_DBSCAN,0.4733916006734846
0,Exp_15_400,0,Adap_DBSCAN,0.7786924359780568
1,Exp_15_400,1,Adap_DBSCAN,0.5629976799942651
2,Exp_15_400,2,Adap_DBSCAN,0.5445722147930537
3,Exp_15_400,3,Adap_DBSCAN,0.4006671083676392
0,Exp_22_400,0,Adap_DBSCAN,0.840354532720552
1,Exp_22_400,1,Adap_DBSCAN,0.4288759228424804
2,Exp_22_400,2,Adap_DBSCAN,0.2534773790227295
3,Exp_22_400,3,Adap_DBSCAN,0.0997260743085876
0,Exp_19_400,0,Adap_DBSCAN,0.7754636087467255
1,Exp_19_400,1,Adap_DBSCAN,0.0072696702499743
2,Exp_19_400,2,Adap_DBSCAN,0.3466279178463256
3,Exp_19_400,3,Adap_DBSCAN,0.247662244460725
0,Exp_2_400,0,Adap_DBSCAN,0.7462763424614742
1,Exp_2_400,1,Adap_DBSCAN,0.6363466534765666
2,Exp_2_400,2,Adap_DBSCAN,0.6815624500274988
3,Exp_2_400,3,Adap_DBSCAN,0.2037440932953858
0,Exp_27_400,0,Adap_DBSCAN,0.827044155443742
1,Exp_27_400,1,Adap_DBSCAN,0.6991728204945803
2,Exp_27_400,2,Adap_DBSCAN,0.4749689803292961
3,Exp_27_400,3,Adap_DBSCAN,0.1919168996433599
0,Exp_34_400,0,Adap_DBSCAN,0.8200592660659437
1,Exp_34_400,1,Adap_DBSCAN,0.0017591069073277
2,Exp_34_400,2,Adap_DBSCAN,0.2379434664585334
3,Exp_34_400,3,Adap_DBSCAN,0.5277068827513697
0,Exp_3_400,0,Adap_DBSCAN,0.7891619997445019
1,Exp_3_400,1,Adap_DBSCAN,0.1325551664541287
2,Exp_3_400,2,Adap_DBSCAN,0.3218182983458388
3,Exp_3_400,3,Adap_DBSCAN,0.4705125546698241
0,Exp_28_400,0,Adap_DBSCAN,0.7785299066388541
1,Exp_28_400,1,Adap_DBSCAN,0.7618021591449313
2,Exp_28_400,2,Adap_DBSCAN,0.5711194384862093
3,Exp_28_400,3,Adap_DBSCAN,0.5323445601634368
0,Exp_14_400,0,Adap_DBSCAN,0.7974235620924757
1,Exp_14_400,1,Adap_DBSCAN,0.8251406057526939
2,Exp_14_400,2,Adap_DBSCAN,0.7288616228188828
3,Exp_14_400,3,Adap_DBSCAN,0.4104047482916488
0,Exp_30_400,0,Adap_DBSCAN,0.7460188303303472
1,Exp_30_400,1,Adap_DBSCAN,0.0112319939135087
2,Exp_30_400,2,Adap_DBSCAN,0.2079200037733806
3,Exp_30_400,3,Adap_DBSCAN,0.5615757874579107
0,Exp_5_400,0,Adap_DBSCAN,0.739068704906614
1,Exp_5_400,1,Adap_DBSCAN,0.2255285362058431
2,Exp_5_400,2,Adap_DBSCAN,0.0375204212332579
3,Exp_5_400,3,Adap_DBSCAN,0.5466818089052734
0,Exp_25_400,0,Adap_DBSCAN,0.8358963059755469
1,Exp_25_400,1,Adap_DBSCAN,0.0529614850737109
2,Exp_25_400,2,Adap_DBSCAN,0.4433360805061072
3,Exp_25_400,3,Adap_DBSCAN,0.4726856519356526
0,Exp_32_400,0,Adap_DBSCAN,0.7781717597411741
1,Exp_32_400,1,Adap_DBSCAN,0.7189025075665182
2,Exp_32_400,2,Adap_DBSCAN,0.4823118195928225
3,Exp_32_400,3,Adap_DBSCAN,0.2519842086984772
0,Exp_26_400,0,Adap_DBSCAN,0.7263651730738517
1,Exp_26_400,1,Adap_DBSCAN,0.6053142703942603
2,Exp_26_400,2,Adap_DBSCAN,0.6809591472081544
3,Exp_26_400,3,Adap_DBSCAN,0.4148375157376747
0,Exp_9_400,0,Adap_DBSCAN,0.8267467195292223
1,Exp_9_400,1,Adap_DBSCAN,0.8178669957256374
2,Exp_9_400,2,Adap_DBSCAN,0.6986052940164953
3,Exp_9_400,3,Adap_DBSCAN,0.6503997554281321
0,Exp_16_400,0,Adap_DBSCAN,0.8383526887575209
1,Exp_16_400,1,Adap_DBSCAN,0.25595112669683
2,Exp_16_400,2,Adap_DBSCAN,0.4939876043183738
3,Exp_16_400,3,Adap_DBSCAN,0.3543662240566651
0,Exp_20_400,0,Adap_DBSCAN,0.8561170911403987
1,Exp_20_400,1,Adap_DBSCAN,0.0053032426586917
2,Exp_20_400,2,Adap_DBSCAN,0.0073768111527142
3,Exp_20_400,3,Adap_DBSCAN,0.2497544661555563
0,Exp_12_400,0,Adap_DBSCAN,0.8043403063840334
1,Exp_12_400,1,Adap_DBSCAN,0.2696899410947735
2,Exp_12_400,2,Adap_DBSCAN,0.4167786800083562
3,Exp_12_400,3,Adap_DBSCAN,0.5486423984444836
0,Exp_33_400,0,Adap_DBSCAN,0.7429731933567592
1,Exp_33_400,1,Adap_DBSCAN,0.3598316956691452
2,Exp_33_400,2,Adap_DBSCAN,0.7571707969813174
3,Exp_33_400,3,Adap_DBSCAN,0.4937279303332281
0,Exp_8_400,0,Adap_DBSCAN,0.7748204783315112
1,Exp_8_400,1,Adap_DBSCAN,0.6883885949100474
2,Exp_8_400,2,Adap_DBSCAN,0.3971727689151979
3,Exp_8_400,3,Adap_DBSCAN,0.3791690513959557
0,Exp_10_400,0,Adap_DBSCAN,0.7393811526085567
1,Exp_10_400,1,Adap_DBSCAN,0.0138026388281771
2,Exp_10_400,2,Adap_DBSCAN,0.0280125245592115
3,Exp_10_400,3,Adap_DBSCAN,0.4692331891680256
0,Exp_21_400,0,Adap_DBSCAN,0.6661925263319906
1,Exp_21_400,1,Adap_DBSCAN,0.6649555064710535
2,Exp_21_400,2,Adap_DBSCAN,0.4693359393517216
3,Exp_21_400,3,Adap_DBSCAN,0.2554033985154222
0,Exp_31_400,0,Adap_DBSCAN,0.8084304491281189
1,Exp_31_400,1,Adap_DBSCAN,0.5903395168131262
2,Exp_31_400,2,Adap_DBSCAN,0.5578789024885308
3,Exp_31_400,3,Adap_DBSCAN,0.42393600788887
0,Exp_1_400,0,Adap_DBSCAN,0.7821204532974314
1,Exp_1_400,1,Adap_DBSCAN,0.0024324787772738
2,Exp_1_400,2,Adap_DBSCAN,0.2356618018316462
3,Exp_1_400,3,Adap_DBSCAN,0.4242209806776745
0,Exp_29_400,0,Adap_DBSCAN,0.8812399787212394
1,Exp_29_400,1,Adap_DBSCAN,0.0056077328473887
2,Exp_29_400,2,Adap_DBSCAN,0.5131985114971769
3,Exp_29_400,3,Adap_DBSCAN,0.3741590942266589
0,Exp_13_400,0,Adap_DBSCAN,0.8634298437776338
1,Exp_13_400,1,Adap_DBSCAN,0.4731500553614305
2,Exp_13_400,2,Adap_DBSCAN,0.4490430682170412
3,Exp_13_400,3,Adap_DBSCAN,0.3450051203094858
0,Exp_17_400,0,Adap_DBSCAN,0.7808431271282092
1,Exp_17_400,1,Adap_DBSCAN,0.8264275844331707
2,Exp_17_400,2,Adap_DBSCAN,0.5678372373753245
3,Exp_17_400,3,Adap_DBSCAN,0.4400742339517911
0,Exp_18_400,0,Adap_DBSCAN,0.8610066584788553
1,Exp_18_400,1,Adap_DBSCAN,0.2561862544014306
2,Exp_18_400,2,Adap_DBSCAN,0.7206786419380485
3,Exp_18_400,3,Adap_DBSCAN,0.6238183371720447
0,Exp_11_400,0,Adap_DBSCAN,0.8293763899235717
1,Exp_11_400,1,Adap_DBSCAN,0.800158477845235
2,Exp_11_400,2,Adap_DBSCAN,0.6421193769919575
3,Exp_11_400,3,Adap_DBSCAN,0.3844680531184032
0,Exp_23_400,0,Adap_DBSCAN,0.7907491180521827
1,Exp_23_400,1,Adap_DBSCAN,0.4756536640735888
2,Exp_23_400,2,Adap_DBSCAN,0.5160717298610562
3,Exp_23_400,3,Adap_DBSCAN,0.5084486434017573
0,Exp_0_400,0,Adap_DBSCAN,0.8761953542006732
1,Exp_0_400,1,Adap_DBSCAN,0.4762289017294083
2,Exp_0_400,2,Adap_DBSCAN,0.5511571076712
3,Exp_0_400,3,Adap_DBSCAN,0.4255960432024351
0,Exp_7_400,0,Adap_DBSCAN,0.807886690241879
1,Exp_7_400,1,Adap_DBSCAN,0.7527409756322713
2,Exp_7_400,2,Adap_DBSCAN,0.5665088663349682
3,Exp_7_400,3,Adap_DBSCAN,0.3090999231427557
0,Exp_24_400,0,Adap_DBSCAN,0.8202149421905005
1,Exp_24_400,1,Adap_DBSCAN,0.1159616704478316
2,Exp_24_400,2,Adap_DBSCAN,0.2675117869203556
3,Exp_24_400,3,Adap_DBSCAN,0.4584760987407135
0,Exp_4_400,0,Adap_DBSCAN,0.7950699473434122
1,Exp_4_400,1,Adap_DBSCAN,0.0106218808305953
2,Exp_4_400,2,Adap_DBSCAN,0.363566530795239
3,Exp_4_400,3,Adap_DBSCAN,0.4388007113165514
0,Exp_6_500,0,Adap_DBSCAN,0.7888315052083567
1,Exp_6_500,1,Adap_DBSCAN,0.3807537316036988
2,Exp_6_500,2,Adap_DBSCAN,0.5150713374926563
3,Exp_6_500,3,Adap_DBSCAN,0.5012277407695384
0,Exp_15_500,0,Adap_DBSCAN,0.733763370615034
1,Exp_15_500,1,Adap_DBSCAN,0.5273587629929194
2,Exp_15_500,2,Adap_DBSCAN,0.5000223104120123
3,Exp_15_500,3,Adap_DBSCAN,0.4664609062606963
0,Exp_22_500,0,Adap_DBSCAN,0.7714690601799314
1,Exp_22_500,1,Adap_DBSCAN,0.8357284981562517
2,Exp_22_500,2,Adap_DBSCAN,0.7158927158291705
3,Exp_22_500,3,Adap_DBSCAN,0.4461836778866571
0,Exp_19_500,0,Adap_DBSCAN,0.7461314774368109
1,Exp_19_500,1,Adap_DBSCAN,0.4322337126033207
2,Exp_19_500,2,Adap_DBSCAN,0.763515452512713
3,Exp_19_500,3,Adap_DBSCAN,0.4460836858962639
0,Exp_2_500,0,Adap_DBSCAN,0.7934249757636697
1,Exp_2_500,1,Adap_DBSCAN,0.0454389908723231
2,Exp_2_500,2,Adap_DBSCAN,0.1138198784853272
3,Exp_2_500,3,Adap_DBSCAN,0.4456567574722194
0,Exp_27_500,0,Adap_DBSCAN,0.8164311620778479
1,Exp_27_500,1,Adap_DBSCAN,0.6895501618397749
2,Exp_27_500,2,Adap_DBSCAN,0.5259611471414102
3,Exp_27_500,3,Adap_DBSCAN,0.3197080580781927
0,Exp_34_500,0,Adap_DBSCAN,0.7657939780764863
1,Exp_34_500,1,Adap_DBSCAN,0.0044607802842284
2,Exp_34_500,2,Adap_DBSCAN,0.0220605562009841
3,Exp_34_500,3,Adap_DBSCAN,0.2488766262731047
0,Exp_3_500,0,Adap_DBSCAN,0.8440349955484163
1,Exp_3_500,1,Adap_DBSCAN,0.7445646038520146
2,Exp_3_500,2,Adap_DBSCAN,0.3649735826278862
3,Exp_3_500,3,Adap_DBSCAN,0.0927095029764655
0,Exp_28_500,0,Adap_DBSCAN,0.8346793406331189
1,Exp_28_500,1,Adap_DBSCAN,0.4398130987299727
2,Exp_28_500,2,Adap_DBSCAN,0.6520951845796787
3,Exp_28_500,3,Adap_DBSCAN,0.3209256418633215
0,Exp_14_500,0,Adap_DBSCAN,0.8296884858473742
1,Exp_14_500,1,Adap_DBSCAN,0.6526885040385568
2,Exp_14_500,2,Adap_DBSCAN,0.1825129088669559
3,Exp_14_500,3,Adap_DBSCAN,0.6351556640482396
0,Exp_30_500,0,Adap_DBSCAN,0.8025605477381464
1,Exp_30_500,1,Adap_DBSCAN,0.5681760955869746
2,Exp_30_500,2,Adap_DBSCAN,0.5921143948169615
3,Exp_30_500,3,Adap_DBSCAN,0.5495153001984572
0,Exp_5_500,0,Adap_DBSCAN,0.7592115748706014
1,Exp_5_500,1,Adap_DBSCAN,0.0335126576463698
2,Exp_5_500,2,Adap_DBSCAN,0.0214125871779989
3,Exp_5_500,3,Adap_DBSCAN,0.0250669286666389
0,Exp_25_500,0,Adap_DBSCAN,0.7129461088725845
1,Exp_25_500,1,Adap_DBSCAN,0.3711140829224071
2,Exp_25_500,2,Adap_DBSCAN,0.525796062284027
3,Exp_25_500,3,Adap_DBSCAN,0.373920979184762
0,Exp_32_500,0,Adap_DBSCAN,0.8434451904695709
1,Exp_32_500,1,Adap_DBSCAN,0.2467475796578741
2,Exp_32_500,2,Adap_DBSCAN,0.2896752488410113
3,Exp_32_500,3,Adap_DBSCAN,0.2768910198427411
0,Exp_26_500,0,Adap_DBSCAN,0.7593614417929591
1,Exp_26_500,1,Adap_DBSCAN,0.3034777603534085
2,Exp_26_500,2,Adap_DBSCAN,0.4874220257900383
3,Exp_26_500,3,Adap_DBSCAN,0.4543519377317693
0,Exp_9_500,0,Adap_DBSCAN,0.8541493940733285
1,Exp_9_500,1,Adap_DBSCAN,0.2951346949772576
2,Exp_9_500,2,Adap_DBSCAN,0.2669597436605639
3,Exp_9_500,3,Adap_DBSCAN,0.2202105242248562
0,Exp_16_500,0,Adap_DBSCAN,0.7888266914631565
1,Exp_16_500,1,Adap_DBSCAN,0.7554970190231385
2,Exp_16_500,2,Adap_DBSCAN,0.5481651693386188
3,Exp_16_500,3,Adap_DBSCAN,0.3895996891499212
0,Exp_20_500,0,Adap_DBSCAN,0.8737736112429215
1,Exp_20_500,1,Adap_DBSCAN,0.7093146907826764
2,Exp_20_500,2,Adap_DBSCAN,0.3760669508328731
3,Exp_20_500,3,Adap_DBSCAN,0.4907537676194333
0,Exp_12_500,0,Adap_DBSCAN,0.7682412418742058
1,Exp_12_500,1,Adap_DBSCAN,0.6590184489420675
2,Exp_12_500,2,Adap_DBSCAN,0.2765158080109308
3,Exp_12_500,3,Adap_DBSCAN,0.2051413866010841
0,Exp_33_500,0,Adap_DBSCAN,0.7841126975294357
1,Exp_33_500,1,Adap_DBSCAN,0.2763608569714087
2,Exp_33_500,2,Adap_DBSCAN,0.5310731603837217
3,Exp_33_500,3,Adap_DBSCAN,0.4948996617775323
0,Exp_8_500,0,Adap_DBSCAN,0.7651552534242243
1,Exp_8_500,1,Adap_DBSCAN,0.6732220488810381
2,Exp_8_500,2,Adap_DBSCAN,0.3524591574788437
3,Exp_8_500,3,Adap_DBSCAN,0.4002049484670544
0,Exp_10_500,0,Adap_DBSCAN,0.8086280944416744
1,Exp_10_500,1,Adap_DBSCAN,0.5921729981812358
2,Exp_10_500,2,Adap_DBSCAN,0.5249548582678466
3,Exp_10_500,3,Adap_DBSCAN,0.4692356068106216
0,Exp_21_500,0,Adap_DBSCAN,0.7561909815208374
1,Exp_21_500,1,Adap_DBSCAN,0.3172759767494958
2,Exp_21_500,2,Adap_DBSCAN,0.4502514629495868
3,Exp_21_500,3,Adap_DBSCAN,0.4624803917113355
0,Exp_31_500,0,Adap_DBSCAN,0.8218689689504677
1,Exp_31_500,1,Adap_DBSCAN,0.5129093813052231
2,Exp_31_500,2,Adap_DBSCAN,0.395048790291933
3,Exp_31_500,3,Adap_DBSCAN,0.329208770352651
0,Exp_1_500,0,Adap_DBSCAN,0.8325997924576101
1,Exp_1_500,1,Adap_DBSCAN,0.8181808335699488
2,Exp_1_500,2,Adap_DBSCAN,0.6337575325590225
3,Exp_1_500,3,Adap_DBSCAN,0.5439085505073892
0,Exp_29_500,0,Adap_DBSCAN,0.7344088476530882
1,Exp_29_500,1,Adap_DBSCAN,0.1457038150730256
2,Exp_29_500,2,Adap_DBSCAN,0.1751266520943659
3,Exp_29_500,3,Adap_DBSCAN,0.5068144970585633
0,Exp_13_500,0,Adap_DBSCAN,0.8576826901057824
1,Exp_13_500,1,Adap_DBSCAN,0.540701007646125
2,Exp_13_500,2,Adap_DBSCAN,0.4787836357658498
3,Exp_13_500,3,Adap_DBSCAN,0.4057128119035167
0,Exp_17_500,0,Adap_DBSCAN,0.7596106536538181
1,Exp_17_500,1,Adap_DBSCAN,0.0208392267758981
2,Exp_17_500,2,Adap_DBSCAN,0.2715821365639742
3,Exp_17_500,3,Adap_DBSCAN,0.3548845901256334
0,Exp_18_500,0,Adap_DBSCAN,0.7735251483882087
1,Exp_18_500,1,Adap_DBSCAN,0.2807777460172505
2,Exp_18_500,2,Adap_DBSCAN,0.47381316319862
3,Exp_18_500,3,Adap_DBSCAN,0.394759264665905
0,Exp_11_500,0,Adap_DBSCAN,0.8185636426007724
1,Exp_11_500,1,Adap_DBSCAN,0.3900142816040948
2,Exp_11_500,2,Adap_DBSCAN,0.4462993936786251
3,Exp_11_500,3,Adap_DBSCAN,0.3756347778003461
0,Exp_23_500,0,Adap_DBSCAN,0.8467992029467042
1,Exp_23_500,1,Adap_DBSCAN,0.3833077764748291
2,Exp_23_500,2,Adap_DBSCAN,0.4061616937462325
3,Exp_23_500,3,Adap_DBSCAN,0.4628458069553086
0,Exp_0_500,0,Adap_DBSCAN,0.7688528530583542
1,Exp_0_500,1,Adap_DBSCAN,0.4199041322991135
2,Exp_0_500,2,Adap_DBSCAN,0.5225165128014498
3,Exp_0_500,3,Adap_DBSCAN,0.3440077497788441
0,Exp_7_500,0,Adap_DBSCAN,0.7820537081343532
1,Exp_7_500,1,Adap_DBSCAN,0.4507669292749902
2,Exp_7_500,2,Adap_DBSCAN,0.4514302463882141
3,Exp_7_500,3,Adap_DBSCAN,0.5904897025737349
0,Exp_24_500,0,Adap_DBSCAN,0.7565075966575096
1,Exp_24_500,1,Adap_DBSCAN,0.5055257290207352
2,Exp_24_500,2,Adap_DBSCAN,0.5390444287445358
3,Exp_24_500,3,Adap_DBSCAN,0.5295534714417535
0,Exp_4_500,0,Adap_DBSCAN,0.8048870623583716
1,Exp_4_500,1,Adap_DBSCAN,0.2450130675903917
2,Exp_4_500,2,Adap_DBSCAN,0.3389836759657026
3,Exp_4_500,3,Adap_DBSCAN,0.328643679277657
