<PAMDataset>
  <PAMRasterBand band="1">
    <Histograms>
      <HistItem>
        <HistMin>0.5111111111111111</HistMin>
        <HistMax>45.48888888888889</HistMax>
        <BucketCount>45</BucketCount>
        <IncludeOutOfRange>0</IncludeOutOfRange>
        <Approximate>1</Approximate>
        <HistCounts>25722|18404|13707|15237|7610|3316|1990|1671|1320|973|1351|772|1403|1508|1386|644|837|709|670|647|900|627|1056|807|836|548|1009|828|738|579|569|779|360|409|287|258|308|256|211|213|248|271|355|274|102</HistCounts>
      </HistItem>
    </Histograms>
    <Metadata>
      <MDI key="STATISTICS_MAXIMUM">45</MDI>
      <MDI key="STATISTICS_MEAN">7.0839891752806</MDI>
      <MDI key="STATISTICS_MINIMUM">1</MDI>
      <MDI key="STATISTICS_STDDEV">9.212436433206</MDI>
    </Metadata>
  </PAMRasterBand>
</PAMDataset>
