<PAMDataset>
  <PAMRasterBand band="1">
    <Histograms>
      <HistItem>
        <HistMin>0.5172413793103448</HistMin>
        <HistMax>29.48275862068965</HistMax>
        <BucketCount>29</BucketCount>
        <IncludeOutOfRange>0</IncludeOutOfRange>
        <Approximate>1</Approximate>
        <HistCounts>182|37|26|31|16|7|7|11|12|8|14|9|7|3|6|6|6|8|5|2|2|1|9|3|2|4|1|4|7</HistCounts>
      </HistItem>
    </Histograms>
    <Metadata>
      <MDI key="STATISTICS_MAXIMUM">29</MDI>
      <MDI key="STATISTICS_MEAN">6.2064220183486</MDI>
      <MDI key="STATISTICS_MINIMUM">1</MDI>
      <MDI key="STATISTICS_STDDEV">7.4000096110694</MDI>
    </Metadata>
  </PAMRasterBand>
</PAMDataset>
