<PAMDataset>
  <PAMRasterBand band="1">
    <Histograms>
      <HistItem>
        <HistMin>0.5121951219512195</HistMin>
        <HistMax>41.48780487804878</HistMax>
        <BucketCount>41</BucketCount>
        <IncludeOutOfRange>0</IncludeOutOfRange>
        <Approximate>1</Approximate>
        <HistCounts>7962|409|164|117|124|82|83|85|96|78|268|100|89|50|31|26|12|4|3|4|31|22|6|8|7|16|47|21|5|3|5|4|1|2|2|1|3|3|6|5|8</HistCounts>
      </HistItem>
    </Histograms>
    <Metadata>
      <MDI key="STATISTICS_MAXIMUM">41</MDI>
      <MDI key="STATISTICS_MEAN">2.6699689782848</MDI>
      <MDI key="STATISTICS_MINIMUM">1</MDI>
      <MDI key="STATISTICS_STDDEV">4.751142717181</MDI>
    </Metadata>
  </PAMRasterBand>
</PAMDataset>
