<PAMDataset>
  <PAMRasterBand band="1">
    <Histograms>
      <HistItem>
        <HistMin>0.5111111111111111</HistMin>
        <HistMax>45.48888888888889</HistMax>
        <BucketCount>45</BucketCount>
        <IncludeOutOfRange>0</IncludeOutOfRange>
        <Approximate>1</Approximate>
        <HistCounts>641|163|126|47|91|168|170|164|97|19|30|49|42|38|16|29|18|23|11|7|2|5|9|2|4|2|2|5|2|4|11|7|21|14|17|4|8|6|9|0|3|4|9|4|1</HistCounts>
      </HistItem>
    </Histograms>
    <Metadata>
      <MDI key="STATISTICS_MAXIMUM">45</MDI>
      <MDI key="STATISTICS_MEAN">7.3707224334601</MDI>
      <MDI key="STATISTICS_MINIMUM">1</MDI>
      <MDI key="STATISTICS_STDDEV">8.7150397870289</MDI>
    </Metadata>
  </PAMRasterBand>
</PAMDataset>
