<PAMDataset>
  <PAMRasterBand band="1">
    <Histograms>
      <HistItem>
        <HistMin>0.52</HistMin>
        <HistMax>25.48</HistMax>
        <BucketCount>25</BucketCount>
        <IncludeOutOfRange>0</IncludeOutOfRange>
        <Approximate>1</Approximate>
        <HistCounts>660|282|227|173|338|271|288|240|290|233|262|143|74|121|110|129|92|76|25|64|139|117|124|33|14</HistCounts>
      </HistItem>
    </Histograms>
    <Metadata>
      <MDI key="STATISTICS_MAXIMUM">25</MDI>
      <MDI key="STATISTICS_MEAN">8.8245303867403</MDI>
      <MDI key="STATISTICS_MINIMUM">1</MDI>
      <MDI key="STATISTICS_STDDEV">6.5156450413083</MDI>
    </Metadata>
  </PAMRasterBand>
</PAMDataset>
