<PAMDataset>
  <PAMRasterBand band="1">
    <Histograms>
      <HistItem>
        <HistMin>0.5238095238095238</HistMin>
        <HistMax>21.47619047619047</HistMax>
        <BucketCount>21</BucketCount>
        <IncludeOutOfRange>0</IncludeOutOfRange>
        <Approximate>1</Approximate>
        <HistCounts>1119|256|212|260|122|146|69|40|76|61|80|46|50|74|40|23|19|19|10|17|1</HistCounts>
      </HistItem>
    </Histograms>
    <Metadata>
      <MDI key="STATISTICS_MAXIMUM">21</MDI>
      <MDI key="STATISTICS_MEAN">4.4496350364964</MDI>
      <MDI key="STATISTICS_MINIMUM">1</MDI>
      <MDI key="STATISTICS_STDDEV">4.565342690467</MDI>
    </Metadata>
  </PAMRasterBand>
</PAMDataset>
