<PAMDataset>
  <PAMRasterBand band="1">
    <Histograms>
      <HistItem>
        <HistMin>0.5357142857142857</HistMin>
        <HistMax>14.46428571428571</HistMax>
        <BucketCount>14</BucketCount>
        <IncludeOutOfRange>0</IncludeOutOfRange>
        <Approximate>1</Approximate>
        <HistCounts>376|279|90|45|85|101|76|92|25|19|13|8|0|1</HistCounts>
      </HistItem>
    </Histograms>
    <Metadata>
      <MDI key="STATISTICS_MAXIMUM">14</MDI>
      <MDI key="STATISTICS_MEAN">3.595867768595</MDI>
      <MDI key="STATISTICS_MINIMUM">1</MDI>
      <MDI key="STATISTICS_STDDEV">2.8160372102108</MDI>
    </Metadata>
  </PAMRasterBand>
</PAMDataset>
