<PAMDataset>
  <PAMRasterBand band="1">
    <Histograms>
      <HistItem>
        <HistMin>0.5080645161290323</HistMin>
        <HistMax>62.49193548387097</HistMax>
        <BucketCount>62</BucketCount>
        <IncludeOutOfRange>0</IncludeOutOfRange>
        <Approximate>1</Approximate>
        <HistCounts>29055|20365|15068|9415|5457|3545|2686|1337|1103|930|996|1086|1016|924|752|738|648|817|717|710|348|391|353|442|579|683|748|725|494|410|607|559|443|1086|999|549|505|476|476|607|721|591|465|922|785|407|707|320|350|328|204|123|122|179|154|176|129|173|293|294|797|650</HistCounts>
      </HistItem>
    </Histograms>
    <Metadata>
      <MDI key="STATISTICS_MAXIMUM">62</MDI>
      <MDI key="STATISTICS_MEAN">9.9961863507028</MDI>
      <MDI key="STATISTICS_MINIMUM">1</MDI>
      <MDI key="STATISTICS_STDDEV">14.654998878321</MDI>
    </Metadata>
  </PAMRasterBand>
</PAMDataset>
