<PAMDataset>
  <PAMRasterBand band="1">
    <Histograms>
      <HistItem>
        <HistMin>0.5086206896551724</HistMin>
        <HistMax>58.49137931034483</HistMax>
        <BucketCount>58</BucketCount>
        <IncludeOutOfRange>0</IncludeOutOfRange>
        <Approximate>1</Approximate>
        <HistCounts>2234|560|265|265|180|101|144|125|84|97|224|146|131|212|154|204|194|215|137|100|66|50|87|72|26|46|31|52|72|89|36|62|25|9|6|63|38|43|44|16|19|45|17|6|10|52|18|37|12|4|7|0|3|0|2|0|2|2</HistCounts>
      </HistItem>
    </Histograms>
    <Metadata>
      <MDI key="STATISTICS_MAXIMUM">58</MDI>
      <MDI key="STATISTICS_MEAN">10.757815876675</MDI>
      <MDI key="STATISTICS_MINIMUM">1</MDI>
      <MDI key="STATISTICS_STDDEV">11.877986819387</MDI>
    </Metadata>
  </PAMRasterBand>
</PAMDataset>
