<PAMDataset>
  <PAMRasterBand band="1">
    <Histograms>
      <HistItem>
        <HistMin>0.5192307692307692</HistMin>
        <HistMax>26.48076923076923</HistMax>
        <BucketCount>26</BucketCount>
        <IncludeOutOfRange>0</IncludeOutOfRange>
        <Approximate>1</Approximate>
        <HistCounts>40290|18991|9699|5161|2899|2381|1405|868|1082|1765|1661|918|1437|2227|1354|677|444|453|601|719|658|482|787|901|1156|1287</HistCounts>
      </HistItem>
      <HistItem>
        <HistMin>0.5192307692307692</HistMin>
        <HistMax>26.48076923076923</HistMax>
        <BucketCount>26</BucketCount>
        <IncludeOutOfRange>0</IncludeOutOfRange>
        <Approximate>0</Approximate>
        <HistCounts>1020136|516309|244370|135902|80659|55557|38582|27626|25595|41791|40013|26416|36360|56917|36258|20241|16170|14834|13798|13828|16169|16310|22182|29373|22666|34674</HistCounts>
      </HistItem>
    </Histograms>
    <Metadata>
      <MDI key="STATISTICS_MAXIMUM">26</MDI>
      <MDI key="STATISTICS_MEAN">4.8265133305875</MDI>
      <MDI key="STATISTICS_MINIMUM">1</MDI>
      <MDI key="STATISTICS_STDDEV">6.2391347433289</MDI>
    </Metadata>
  </PAMRasterBand>
</PAMDataset>
